Name,Category,Level,Keywords,Requirements,Text,Summary
Focus: Caster's Weapon,Offense Focus: Flexible,1,Flexible,Training with a weapon that can be used as implement,"Choose a weapon when picking this feat.
You do not become Hindered when using the Point Blank Shot maneuver while wielding the chosen weapon.
On weapon attacks with the chosen weapon, deal extra damage:
	- [H] +1 damage per W.
	- [P][E] +2 damage per W.
On implement attacks with the chosen weapon, deal extra damage:
 - [H] +1 damage per damage die.
	- [P][E] +2 damage per damage die.","With Implement Weapon, +1 damage per W/die, avoid penalty on Point Blank Shot."
Focus: Parrying Staff,Offense Focus: Flexible,1,"Flexible, Staff",Weapon Training with Staff,"While wielding a Staff, you gain Parry (+1 Arm vs melee attacks)
On weapon attacks with a Staff, deal Miss Damage:
 - [H] +1 Miss Damage per W.
	- [P][E] +2 Miss Damage per W.
On implement attacks with a Staff, deal Miss Damage:
 - [H] +1 Miss Damage per damage die.
	- [P][E] +2 Miss Damage per damage die.","With Staff, +1 Miss Damage per W/die, +1 Arm vs melee."
Focus: Pushing Staff,Offense Focus: Flexible,1,"Flexible, Staff",Implement Training with a Staff,"When you make an implement attack with a Staff that causes forced movement, choose a targeted enemy. The forced movement for that enemy is increased by 1 square.
On weapon attacks with a Staff, deal extra damage:
 - [H] +1 damage per W.
	- [P][E] +2 damage per W.
On implement attacks with a Staff, deal extra damage:
 - [H] +1 damage per damage die.
	- [P][E] +2 damage per damage die.","With Staff, +1 damage per W/die, +1 forced movement."
Dual Focus,Offense Focus: Flexible,1,Flexible,"Training with an implement.
A weapon attack power.
An implement attack power.","When picking this feat, choose a weapon and an implement. On weapon attacks with the chosen weapon, deal extra damage:
	- [H] +1 damage per W.
	- [P][E] +2 damage per W.
On implement attacks with the chosen implement, deal extra damage:
 - [H] +1 damage per damage die.
	- [P][E] +2 damage per damage die.","With Weapon, +1 damage per W.
With Implement, +1 damage per die."
Energy Focus,Offense Focus: Flexible,1,"Flexible, Energy",Attack power with the chosen energy type.,"Special: When you take this feat, choose an energy type.
You do not become Hindered when using the Pierce maneuver.
On weapon attacks with the chosen energy type, deal extra damage and Miss Damage:
 - [H] +1 damage and +1 Miss Damage per W.
	- [P][E] +2 damage and +2 Miss Damage per W.
On implement attacks with the chosen energy type, deal Miss Damage and Miss Damage:
 - [H] +1 damage and +1 Miss Damage per damage die.
	- [P][E] +2 damage and +2 Miss Damage per damage die.","Choose an energy type. With that type, +1 damage and +1 Miss Damage per W/die. Avoid penalty from Pierce maneuver."
Focus: Pushing Hammer,Offense Focus: Weapon,1,"Weapon, Hammer",Weapon Training with a Hammer,"When you push an enemy with a weapon attack with a hammer, the forced movement is increased by 1 square.
On weapon attacks with a hammer,deal extra damage:
	- [H] +1 damage per W.
	- [P][E] +2 damage per W.","With Hammer, +1 damage per W, +1 push."
Focus: Unstoppable Hammer,Offense Focus: Weapon,1,"Weapon, Hammer",Weapon Training with a Hammer,"On weapon attacks with a hammer, deal Miss Damage:
 - [H] +1 Miss Damage, and an extra +2 Miss Damage per W.
	- [P][E] +2 Miss Damage, and an extra +4 Miss Damage per W.","With Hammer, deal Miss Damage."
Focus: Unerring Light Blade,Offense Focus: Weapon,1,"Weapon, Light Blade",Weapon Training with a Light Blade,"On weapon attacks with a Light Blade and without Advantage, +1 Hit.","With Light Blade, +1 Hit without Advantage."
Focus: Ambush Light Blade,Offense Focus: Weapon,1,"Weapon, Light Blade",Weapon Training with a Light Blade,"On weapon attacks with a Light Blade and Advantage, gain +1 Crit Range.
	On weapon attacks with a Light Blade, deal Miss Damage:
	- [H] +1 Miss Damage damage per W.
	- [P][E] +2 Miss Damage damage per W.","With Light Blade, deal Miss Damage, and extra Crit Range with Advantage."
Focus: Skirmisher's Blade,Offense Focus: Weapon,1,"Weapon, Light Blade",Weapon Training with a Light Blade,"When a weapon attack you make with a Light Blade allows you to move or shift, increase the distance moved by 1.
On weapon attacks with a Light Blade, deal extra Damage:
	- [H] +1 Damage damage per W.
	- [P][E] +2 Damage damage per W.","With Light Blade, +1 damage per W and increase movement granted by attacks."
Focus: Opportunist Heavy Blade,Offense Focus: Weapon,1,"Weapon, Heavy Blade",Weapon Training with a Heavy Blade,"+2 to Opportunity Attack modifier.
On weapon attacks with a Heavy Blade, deal extra damage:
	- [H] +1 damage per W.
	- [P][E] +2 damage per W.","With Heavy Blade, +1 damage per W and +2 to Opportunity Attacks."
Focus: Duelist's Blade,Offense Focus: Weapon,1,"Weapon, Heavy Blade, Light Blade",Weapon Training with a Heavy Blade or a Light Blade,"Your Heavy Blades and Light Blades gain Parry (+1 Arm against melee attacks).
On weapon attacks with a Heavy Blade or Light Blade, deal Miss Damage:
	- [H] +1 Miss Damage damage per W.
	- [P][E] +2 Miss Damage damage per W.","With Heavy Blade or Light Blade, +1 Miss Damage per W, +1 Arm vs melee."
Focus: Critical Axe,Offense Focus: Weapon,1,"Weapon, Axe",Weapon Training with an Axe,"On weapon attacks with an Axe, deal extra damage, and additional damage on a Crit:
	- [H] +1 damage per W, and +3 damage per W on a Crit.
	- [P][E] +2 damage per W, and +6 damage per W on a Crit.","With Axe, +1 damage per W, High Crit."
Focus: Piercing Axe,Offense Focus: Weapon,1,"Weapon, Axe",Weapon Training with an Axe," You do not become Hindered when using the Pierce maneuver.
On weapon attacks with an Axe, deal extra damage:
	- [H] +1 damage per W.
	- [P][E] +2 damage per W.","With Axe, +1 damage per W, avoid penalty on Pierce maneuver."
Focus: Reaching Spear,Offense Focus: Weapon,1,"Weapon, Spear",Weapon Training with a Spear,"Your Javelins gain +2 Range and +1 Hit, and your Halfspears and Longspears gain +1 Reach.
On weapon attacks with an Spear, deal Miss Damage:
	- [H] +1 Miss Damage damage per W.
	- [P][E] +2 Miss Damage damage per W.","With Spear, +1 Miss Damage per W, extra Range, Reach."
Focus: Opportunist Spear,Offense Focus: Weapon,1,"Weapon, Spear",Weapon Training with a Spear,"On weapon attacks with an Spear, deal extra damage:
	- [H] +1 damage per W.
	- [P][E] +2 damage per W.
On Opportunity attacks with an Spear, deal extra damage:
	- [H] +4 damage.
	- [P] +12 damage.
 - [E] +24 damage.","With Spear, +1 damage and +5 Opportunity Attack damage per W."
Focus: Reaching Flail,Offense Focus: Weapon,1,"Weapon, Flail",Weapon Training with a Flail,"Your Flails gain +1 Reach.
On weapon attacks with a Flail, deal Miss Damage:
	- [H] +1 Miss Damage damage per W.
	- [P][E] +2 Miss Damage damage per W.","With Flail, +1 Miss Damage per W, extra Reach."
Focus: Flurrying Flail,Offense Focus: Weapon,1,"Weapon, Flail",Weapon Training with a Flail,"On weapon attacks with a Flail, deal extra damage:
	- [H] +1 damage per W, and +1 damage per W if the attack had multiple targets.
	- [P][E] +2 damage per W, and +2 damage per W if the attack had multiple targets.","With Flail, +1 damage per W, and extra damage against multiple targets."
Focus: Close Bow,Offense Focus: Weapon,1,"Weapon, Bow",Weapon Training with a Bow,"You do not become Hindered when using the Point Blank Shot maneuver.
On weapon attacks with a Bow, deal extra damage:
	- [H] +1 damage per W.
	- [P][E] +2 damage per W.","With Bow, +1 damage per W, and avoid penalty on Point Blank Shot.."
Focus: Far Bow,Offense Focus: Weapon,1,"Weapon, Bow",Weapon Training with a Bow,"Your Bows gain +2 Range. On weapon attacks with a Bow, deal extra damage:
	- [H] +1 damage per W.
	- [P][E] +2 damage per W.","With Bow, +1 damage per W and +2 Range."
Focus: Precision Crossbow,Offense Focus: Weapon,1,"Weapon, Crossbow",Weapon Training with a Crossbow,"+1 Hit against enemies with Cover, Superior Cover, Concealment or Total Concealment.
On weapon attacks with a Crossbow, deal extra damage:
	- [H] +1 damage per W.
	- [P][E] +2 damage per W.","With Crossbow, +1 damage per W, and +1 Hit against targets in Cover or Concealment."
Focus: Penetrating Crossbow,Offense Focus: Weapon,1,"Weapon, Crossbow",Weapon Training with a Crossbow,"On weapon attacks with a Crossbow, deal Miss Damage:
 - [H] +1 Miss Damage, and an extra +2 Miss Damage per W.
	- [P][E] +2 Miss Damage, and an extra +4 Miss Damage per W.","With Crossbow, deal Miss Damage."
Focus: Critical Sling,Offense Focus: Weapon,1,"Weapon, Sling",Weapon Training with a Sling,"On weapon attacks with a Sling, +1 Crit Range.
On weapon attacks with a Sling, deal extra damage:
	- [H] +1 damage per W.
	- [P][E] +2 damage per W.","With Sling, +1 damage per W, +1 Crit Range."
Focus: Slayer Sling,Offense Focus: Weapon,1,"Weapon, Sling",Weapon Training with a Sling,"On weapon attacks with a Sling, +1 Hit against Large or larger enemies.
On weapon attacks with a Sling, deal extra damage:
	- [H] +1 damage per W.
	- [P][E] +2 damage per W.","With Sling, +1 damage per W, +1 hit vs Large."
Focus: Weapon Master,Offense Focus: Weapon,1,Weapon,NA,"You do not become Hindered when using the Point Blank Shot maneuver.
When using the Draw action, the move distance is increased to half your move speed.
On weapon attacks, deal extra damage:
	- [H] +1 damage per W.
	- [P][E] +2 damage per W.","With weapons, +1 damage per W. Extra move on Draw maneuver, no penalty on Quick Draw maneuver."
Focus: Far Wand,Offense Focus: Implement,1,"Implement, Wand",Implement Training with a Wand,"On ranged implement attacks with a Wand, +2 range.
On implement attacks with a Wand, deal extra damage:
 - [H] +1 damage per damage die.
	- [P][E] +2 damage per damage die.","With Wand, +1 damage per die and +3 Range."
Focus: Piercing Wand,Offense Focus: Implement,1,"Implement, Wand",Implement Training with a Wand,"You do not become Hindered when using the Pierce maneuver.
On implement attacks with a Wand, deal extra damage:
 - [H] +1 damage per damage die.
	- [P][E] +2 damage per damage die.","With Wand, +1 damage per die, avoid penalty on Pierce maneuver."
Focus: Prescient Orb,Offense Focus: Implement,1,"Implement, Orb",Implement Training with an Orb,"+2 Initiative.
On implement attacks with an Orb, deal extra damage:
 - [H] +1 damage per damage die.
	- [P][E] +2 damage per damage die.","With Orb, +1 damage per die and +2 Initiative."
Focus: Perceptive Orb,Offense Focus: Implement,1,"Implement, Orb",Implement Training with an Orb,"On Implement attacks with an Orb, downgrade enemy Concealment and Total Concealment.
On implement attacks with an Orb, deal extra damage:
 - [H] +1 damage per damage die.
	- [P][E] +2 damage per damage die.","With Orb, +1 damage per die and downgrade Concealment."
Focus: Sage's Tome,Offense Focus: Implement,1,"Implement, Tome",Implement Training with a Tome,"On implement attacks with a Tome, deal extra damage:
 - [H] +1 damage per damage die.
	- [P][E] +2 damage per damage die.
You may Sustain Minor as a Free Action.
Your summoned creatures deal extra damage:\n[H]:+1 damage\n[P]:+3 damage\n[E]:+6 damage","With tome, +1 damage per die. Free Sustain Minor, Extra damage on summons."
Focus: Reliable Tome,Offense Focus: Implement,1,"Implement, Tome",Implement Training with a Tome,"When you miss all targets of an encounter attack power for the first time in an encounter, you do not gain Encounter Cooldown.
On implement attacks with a Tome , deal extra damage:
 - [H] +1 damage per damage die.
	- [P][E] +2 damage per damage die.","With Tome, +1 damage per die, no cooldown on missed encounter attack."
Focus: Critical Rod,Offense Focus: Implement,1,"Implement, Rod",Implement Training with a Rod,"On implement attacks with a Rod, deal extra damage, and additional damage on a Crit:
	- [H] +1 damage per damage die, and +3 damage per damage die on a Crit.
	- [P][E] +2 damage per damage die, and +6 damage per damage die on a Crit.","With Rod, +1 damage per die, extra damage on Crit."
Focus: Ambush Rod,Offense Focus: Implement,1,"Implement, Rod",Implement Training with a Rod,"On implement attacks with a Rod and Advantage, +1 Crit Range, and deal extra damage:
	- [H] +1 damage per damage die.
	- [P][E] +2 damage per damage die.","With Rod and Advantage, +1 damage per die, +1 Crit Range"
Focus: Healing Symbol,Offense Focus: Implement,1,"Implement, Holy Symbol",Implement Training with a Holy Symbol,"On implement attacks with a Symbol, deal extra damage:
	- [H] +1 damage per damage die.
	- [P][E] +2 damage per damage die.
Targets of your Healing powers gain a bonus to Surge Value:
 - [H] +3 Surge Value
	- [P] +9 Surge Value
 - [E] +18 Surge Value.","With Holy Symbol, +1 damage per die and healing bonus."
Focus: Shielding Symbol,Offense Focus: Implement,1,"Implement, Holy Symbol",Implement Training with a Holy Symbol,"On implement attacks with a Symbol, deal extra damage:
	- [H] +1 damage per damage die.
	- [P][E] +2 damage per damage die.
Your powers that grant Shield Points grant extra Shield Points
 - [H] +1 SP
	- [P] +3 SP
 - [E] +6 SP","With Holy Symbol, +1 damage per die and extra SP"
Focus: Surging Ki,Offense Focus: Implement,1,"Implement, Ki Focus",Implement Training with a Ki Focus,"On implement attacks with a Ki Focus, deal extra damage:
	- [H] +1 damage per damage die.
	- [P][E] +2 damage per damage die.
You gain a bonus to Surge Value:
 - [H] +2 Surge Value
	- [P] +6 Surge Value
 - [E] +12 Surge Value.","With Ki Focus, +1 damage per die, bonus to Surge Value."
Focus: Fast Ki,Offense Focus: Implement,1,"Implement, Ki Focus",Implement Training with a Ki Focus,"+1 Speed.
On implement attacks with a Ki Focus, deal extra damage:
	- [H] +1 damage per damage die.
	- [P][E] +2 damage per damage die.","With Ki Focus, +1 damage per die, +1 Speed."
Focus: Opportunist Totem,Offense Focus: Implement,1,"Implement, Totem",Implement Training with a Totem,"+2 Opportunity Attack Modifier.
+2 Hit on Reaction attacks other than Opportunity Attacks.
On implement attacks with a Totem, deal extra damage:
	- [H] +1 damage per damage die.
	- [P][E] +2 damage per damage die.","With Totem, +1 damage per die, +2 Hit to Opportunity Attacks and Reactions."
Focus: Tough Totem,Offense Focus: Implement,1,"Implement, Totem",Implement Training with a Totem,"Gain extra HP:\n[H]:+2 HP\n[P]:+6 HP\n[E]:+12 HP
On implement attacks with a Totem , deal extra damage:
	- [H] +1 damage per damage die.
	- [P][E] +2 damage per damage die.","With Totem, +1 damage per die. Gain extra HP."
Wind Robes,Defense Focus,1,"Armor, Cloth",NA,"While wearing Cloth Armor, +1 Arm, and +1 Arm vs ranged","With Cloth, +1 Arm, and +1 Arm vs ranged"
Elemental Robes,Defense Focus,1,"Armor, Cloth",NA,"When taking this feat, choose one of the following damage types: Fire, Cold, Lightning, Radiant, Psychic.
While wearing Cloth Armor, +1 Arm,  and Resist (chosen damage type).","With Cloth, +1 Arm, Resist a damage type."
Courtier's Outfit,Defense Focus,1,"Armor, Cloth",NA,"While wearing Cloth Armor, +1 Arm.\nThe first time in each encounter that you fail a Skill Check for Authority, Trickery or Diplomacy, save to avoid the Morale loss.","With Cloth, +1 Arm, and bonus to Authority, Trickery, Diplomacy."
Robes of the Scholar,Defense Focus,1,"Armor, Cloth",NA,"While wearing Cloth Armor, +1 Arm.\nThe first time in each encounter that you fail a Skill Check for Concentration, Lore or Arcana, save to avoid the Morale loss.","With Cloth, +1 Arm, and bonus to Concentration, Lore, Arcana."
Robes of Will,Defense Focus,1,"Armor, Cloth",NA,"While wearing Cloth Armor, +1 Arm, +1 Will.","With Cloth, +1 Arm, +1 Will."
Catsuit Leather,Defense Focus,1,"Armor, Leather",Leather Armor Training,"While wearing Leather Armor, +1 Arm.\nThe first time in each encounter that you fail a Skill Check for Stealth, Finesse or Trickery, save to avoid the Morale loss.","With Leather, +1 Arm, and bonus to Stealth, Finesse or Trickery."
Reflexive Leather,Defense Focus,1,"Armor, Leather",Leather Armor Training,"While wearing Leather Armor, +1 Arm, +1 Reflex.","With Leather, +1 Arm, +1 Reflex"
Dodging Leather,Defense Focus,1,"Armor, Leather",Leather Armor Training,"While wearing Leather Armor, +1 Arm, and +2 to all defenses against Opportunity attacks.","With Leather, +1 Arm, +2 all defenses vs Opportunity Attacks"
Stout Hide,Defense Focus,1,"Armor, Hide",Hide Armor Training,"While wearing Hide Armor, +1 Arm, +1 Fortitude.","With Hide, +1 Arm, +1 Fortitude"
Survivalist's Hide,Defense Focus,1,"Armor, Hide",Hide Armor Training,"While wearing Hide Armor, +1 Arm.\nThe first time in each encounter that you fail a Skill Check for Endurance, Nature or Perception, save to avoid the Morale loss.","With Hide, +1 Arm, and bonus to Endurance, Nature, Perception."
Isolating Hide,Defense Focus,1,"Armor, Hide",Hide Armor Training,"When taking this feat, choose one of the following damage types: Cold. Fire
While wearing Hide Armor, +1 Arm, and Resist (chosen damage type).","With Hide, +1 Arm, +1 Nature, Resist Cold or Fire"
Hiking Hide,Defense Focus,1,"Armor, Hide",Hide Armor Training,"While wearing Hide Armor, +1 Arm, and you downgrade the first square of Difficult Terrain you enter each turn.","With Hide, +1 Arm, downgrade first Difficult Terrain square."
Soldier's Chain,Defense Focus,1,"Armor, Chain",Chain Armor Training,"While wearing Chain Armor, +1 Arm.\nThe first time in each encounter that you fail a Skill Check for Athletics, Authority or Endurance, save to avoid the Morale loss.","With Chain, +1 Arm, and bonus to Athletics, Authority, Endurance."
Caster's Chain,Defense Focus,1,"Armor, Chain",Chain Armor Training,"While wearing Chain Armor, +1 Arm. You do not become Hindered when using the Point Blank Shot maneuver.","With Chain, +1 Arm, avoid penalty on Point Blank Shot."
Mobile Scale,Defense Focus,1,"Armor, Scale",Scale Armor Training,"While wearing Scale Armor, +1 Arm, and the Armor Movement Penalty is reduced by 1.","With Scale, +1 Arm, reduce movement penalty by 1."
Juggernaut Plate,Defense Focus,1,"Armor, Plate",Plate Armor Training,"While wearing Plate Armor, +1 Arm, and whenever an enemy attack inflicts forced movement on you, you can Save to reduce the forced movement by 1.","With Plate, +1 Arm, save to reduce forced movement by 1."
Blast Shield,Defense Focus,1,"Armor, Shield",Shield Training,"While wearing a Shield, +1 Arm, and +1 to all Fortitude, Reflex, and Will against Close and Area attacks.","With Shield, +1 Arm, +1 to Fortitude, Reflex, Will vs Close and Area."
Wind Shield,Defense Focus,1,"Armor, Shield",Shield Training,"While wearing a Shield, +1 Arm, and +1 to Fortitude, Reflex, and Will against Ranged attacks.","With Shield, +1 Arm, +1 to Fortitude, Reflex, Will vs ranged"
Bashing Shield,Defense Focus,1,"Armor, Shield",Shield Training,"While wearing a Shield, +1 Arm, and when you push an enemy with a melee or close attack, the forced movement is increased by 1 square unless the enemy makes a save.","With Shield, +1 Arm, increase forced movement by 1 on failed save."
Nimble Armor,Defense Focus,1,Armor,Training with any Heavy Armor or Heavy Shield Training," +1 Arm, and you ignore any Armor Penalty to skills."," +1 Arm, ignore Armor Penalty to skills."
Ranged Armor,Defense Focus,1,Armor,Training with any Heavy Armor or Heavy Shield Training,"+1 Arm, and your Armor Penalty to attack range halved."," +1 Arm, Armor Penalty to range halved."
Toughness,Toughness,1,NA,NA,"Gain extra HP:\n[H]:+5 HP\n[P]:+15 HP\n[E]:+30 HP","+5 HP, scaling with tier."
Surging Toughness,Toughness,1,NA,NA,"Increase your Surge Value:\n[H]:+5 Surge Value\n[P]:+15 Surge Value\n[E]:+30 Surge Value","+5 Surge value, scaling with tier"
Die Hard,Toughness,1,NA,NA,"+4 to Death Saves.\nGain extra HP:\n[H]:+3 HP\n[P]:+9 HP\n[E]:+18 HP","+4 to Death Saves and +3 HP, scaling with tier."
Toughness in Numbers,Toughness,1,NA,NA,"Increase your Surge Value and the HP of your Animal Companions, Familiars and Summoned creatures:\n[H]:+3 Surge Value, +6 companion HP.\n[P]:+9 Surge Value, +18 companion HP.\n[E]:+18 Surge Value, +36 companion HP.","+3 Surge value and +6 companion HP, scaling with tier."
Martial Weapon Training,Weapon Training,1,Weapon,NA,Gain Training in all Simple weapons and One-Hand Martial weapons.,Training in Simple and One-Hand Martial weapons.
Superior Weapon Training,Weapon Training,1,Weapon,Training with a martial weapon,Gain Training in all Two-Hand Martial weapons,Training in Two-Hand Martial weapons
Leather Armor Training,Armor Training,1,Armor,NA,Gain Training with Leather Armor,Training with Leather
Hide Armor Training,Armor Training,1,Armor,Leather Armor Training,Gain Training with Hide Armor,Training with Hide
Chain Armor Training,Armor Training,1,Armor,Leather Armor Training,Gain Training with Chain Armor,Training with Chain
Scale Armor Training,Armor Training,1,Armor,Chain Armor Training,Gain Training with Scale Armor,Training with Scale
Plate Armor Training,Armor Training,1,Armor,Scale Armor Training,Gain Training with Plate Armor,Training with Plate
Light Shield Training,Armor Training,1,Armor,NA,Gain Training with Light Shield,Training with Light Shield
Heavy Shield Training,Armor Training,1,Armor,Light Shield Training,Gain Training with Heavy Shield,Training with Heavy Shield
Imposing Presence,Role: Defender Position,4,"Role, Defender",Defender role,You gain Aura 1: Squares in the aura count as Difficult Terrain for your enemies.,Adjacent squares count as Difficult Terrain for enemies
Hamstring Opportunity,Role: Defender Position,4,"Role, Defender",Defender role,"Enemies hit by your Opportunity Attacks and Reaction attacks are Slowed until the end of their next turn.
Gain Advantage against Slowed enemies.",Opportunity attacks and reaction attacks slow enemies. Advantage against slowed enemies.
Mighty Blow,Role: Defender Position,4,"Role, Defender",Defender role,"When you inflict forced movement on an enemy with an attack, the forced movement is increased by 1. Against Forced Movement damage caused by you, your allies gain Resist, and your enemies gain Vulnerable.",Forced movement from attacks increased by 1. Forced Movement Damage bonus.
Pain Insensitivity,Role: Defender Grit,4,"Role, Defender",Defender role," +1 Fortitude.
Your powers that grant you Shield Points grant extra Shield Points
 - [H] +2 SP
	- [P] +6 SP
 - [E] +12 SP",+1 Fortitude. Bonus to gained SP.
Constant Vigilance,Role: Defender Grit,4,"Role, Defender",Defender role," +1 Will.
You can use Reactions and make Opportunity Attacks while Dazed,  Stunned or Dominated.
Your Reaction Attacks ignore any penalties from Weakened, Blinded, Taunted."," +1 Will. Can use Reactions, Opportunity attacks while dazed, stunned. Your Reactions ignore penalties from Weakened, Blinded, Taunted."
Unstoppable Defender,Role: Defender Grit,4,"Role, Defender",Defender role," +1 Reflex.
Whenever you are subject to any of the following effects, as a Free Interrupt Reaction you can make a save to prevent the effect: Slowed, Immobilized, Restrained, Grabbed, Prone, Forced Movement.
Note: Any effect from the attack other than the prevented Condition or Forced Movement remains unaffected."," +1 Reflex. Save to prevent Slowed, Immobilized, Restrained, Grabbed, Prone, Forced Movement."
Persuasive Taunt,Role: Defender Taunt,11,"Role, Defender, Paragon",Defender role,"When ignoring taunts, enemies taunted by you gain -1 to hit, and an additional -2 to hit with Opportunity Attacks.","Enemies ignoring your taunt gain -1 hit, -2 hit with Opportunity Attacks."
Deadly Taunt,Role: Defender Taunt,11,"Role, Defender, Paragon",Defender role,Enemies taunted by you gain Vulnerable All (Your attacks) during their turn.,Taunted enemies gain vulnerable against your reaction attacks
Meat Shield,Role: Defender Taunt,11,"Role, Defender, Paragon",Defender role,"You grant cover to all allies adjacent to you.
Allies adjacent to you gain Resist All (Burst or Blast).","Adjacent allies gain cover, resist (burst, blast)"
Fancy Footwork,Role: Striker Agility,4,"Role, Striker",Striker role,"When you shift, the shift distance is increased by 1 square.
You do not become Hindered when using the Shift maneuver ",+1 Shift. Avoid penalty on Shift Maneuver.
Quick Feet,Role: Striker Agility,4,"Role, Striker",Striker role," +1 Movement Speed.
You can move 1 square as a Minor Action.",+1 Speed. Move 1 as Minor Action.
Escape Artist,Role: Striker Agility,4,"Role, Striker",Striker role," +3 to all defenses against Opportunity Attacks.
At the start of turn, you can make a save to ignore the Taunted condition until end of turn, or to downgrade one of the following conditions until end of turn: Slowed, Immobilized, Restrained, Grabbed."," +3 to all defenses vs Opportunity Attacks.
Save to downgrade Taunted, Slow, Immobilize, Restrain, Grab"
Action Striker,Role: Striker Resource,11,"Role, Striker, Paragon",Striker role,"On each Extended Rest, gain 1 additional Action Point. 
+1 to Action Point rolls."," +1 Action Point, +1 to Action Point rolls."
Daily Striker,Role: Striker Resource,11,"Role, Striker, Paragon",Striker role,"On Daily attack powers, gain +2 hit and +2 Crit Range.
On Daily Weapon attack powers, gain +2 damage per W.
On Daily Implement attack powers, gain +2 damage per die.
Once per day, when you reach a Milestone, you can choose to regain one of your spent Daily attack powers at random instead of gaining an Action Point.","On Daily attack powers, gain +2 damage per W/Die, +2 hit, and +2 Crit Range. Once per day, regain random Daily attack power instead of gaining an Action Point.
"
Surge Striker,Role: Striker Resource,11,"Role, Striker, Paragon",Striker role," +2 Surges.
When you spend a Surge, gain +2 hit until end of your next turn, and you can save to remove a Combat Condition on you."," +2 Surges. On surge spent, +2 hit and save to remove Condition."
Cunning Duelist,Role: Striker Lethality,4,"Role, Striker",Striker role,"When attacking, gain Advantage if you and the target are within 3 squares of each other and have no adjacent characters other than each other.",Advantage when you and target are within 3 squares and have no other characters adjacent.
Dirty Fighting,Role: Striker Lethality,4,"Role, Striker",Striker role,"When attacking with Advantage, +1 hit.",+1 hit with Advantage.
Lethal Weapon,Role: Striker Lethality,4,"Role, Striker",Striker role,"On weapon attacks with, deal extra damage and Miss Damage:
 - [H] +1 damage and +1 Miss Damage per W.
	- [P][E] +2 damage and +2 Miss Damage per W.
On implement attacks, deal extra damage:
 - [H] +1 damage and +1 Miss Damage per damage die.
	- [P][E] +2 damage and +2 Miss Damage per damage die.",+1 damage and +1 Miss Damage per W or die.
Undivided Attention,Role: Controller Bonus Feat,1,"Role, Controller",Controller role,Gain +2 hit on non-Secondary attacks with a single target.,+2 hit vs single target.
Trapmaster,Role: Controller Bonus Feat,1,"Role, Controller",Controller role,"Gain lay trap power
Lay Trap (At-will) - Minor Action, Area 5 Blast 2. Effect: Create a zone of difficult terrain in blast until the end of the encounter or until you use this power again.  When a character enters the zone or ends their turn in it, you deal one half your Primary Ability damage to them, and the zone ends at the end of that turn.","As Minor Action, create Area 5 Blast 2 zone of damaging difficult terrain."
Puppeteer,Role: Controller Bonus Feat,1,"Role, Controller",Controller role,"Gain Control Puppet power
Control Puppet (At-Will) - Minor Action, Ranged 10, targets a character. Effect: Push 1.","As Minor Action, push 1 a character within 10."
Hole in the Fire,Role: Explosive Control,4,"Role, Controller",Controller role,"When making an Area attack, you may take a -1 hit penalty to avoid targeting an ally in the origin square.
When making a Close attack, you may take a -1 hit penalty to avoid targeting an ally adjacent to you.","On Area or Close attack, take a -1 penalty to hit to avoid targeting an ally."
Expose Vulnerability,Role: Explosive Control,4,"Role, Controller",Controller role,"When you attack one or more enemies, they gain Vulnerable All (your attacks) during their next turn.",Enemies you attack are Vulnerable to your attacks during their turn.
Rend Foe,Role: Explosive Control,4,"Role, Controller",Controller role,"When hitting with an attack with a single target, you deal extra damage to an enemy adjacent to the target:
	- [H] +3 damage.
	- [P] +9 damage.
	- [H] +18 damage.","On single target attack hit, extra damage to adjacent enemy."
Wind Waker,Role: Ground Control,4,"Role, Controller",Controller role,"Forced Movement you inflict is increased by 1, or by 2 if caused by an attack with Advantage.","Your Forced Movement is increased by 1, or by 2 with Advantage."
Sustained Assault,Role: Ground Control,4,"Role, Controller",Controller role,"+1 Arm while you have an active Summon, Conjuration or Sustain power.
Your summoned creatures gain +1 Arm and extra HP:\n[H]:+5 HP\n[P]:+15 HP\n[E]:+30 HP","+1 Arm with Summon. Summons gain +1 Arm and extra HP."
Slow Motion,Role: Ground Control,4,"Role, Controller",Controller role,"When hitting with an attack with a single target, the target is Slowed until the end of your next turn or, if already Slowed, Immobilized, or Restrained, pushed 2.","On single target attack hit, Slowed until end of next turn, or pushed 2 if already Slowed, Immobilized, or Restrained."
Stable Affliction,Role: Debilitating Control,11,"Role, Controller",Controller role,Enemies gain -3 to Saving Throws against your effects.,-3 to enemy Saving Throws.
Confusion in the Ranks,Role: Debilitating Control,11,"Role, Controller",Controller role,"The first time you hit a non-Taunted enemy each turn, that enemy is Taunted by an ally of your choice until the end of your next turn.","On first hit each turn, have ally Taunt target."
Exploit Weakness,Role: Debilitating Control,11,"Role, Controller",Controller role,"You gain Advantage against Slowed, Immobilized, Grabbed, Dazed and Weakened enemies.","Advantage vs Slowed, Immobilized, Grabbed, Dazed and Weakened enemies."
Master Healer,Role: Leader Heal,4,"Role, Leader",Leader role,"When you use a Healing power, characters spending a Surge due to that power gain a bonus to their Surge Value:
[H]:+5 Surge Value\n[P]:+15 Surge Value\n[E]:+30 Surge Value.",Healing grants bonus to Surge Value.
Saving Grace,Role: Leader Heal,4,"Role, Leader",Leader role,"When you use a Healing power, characters spending a Surge due to that power can make a Saving Throw to end an effect that a save can end or to downgrade a condition until end of your next turn.",Healing grants free Saving Throw.
Shield Mate,Role: Leader Heal,4,"Role, Leader",Leader role,"When you grant Temporary Hit Points to an ally, increase the THP by 2 per tier.",Temporary Hit Points granted to allies increased by 2 per tier.
Word of Caution,Role: Leader Maneuver,4,"Role, Leader",Leader role,"When you use a Healing power, characters spending a Surge due to that power gain +1 to all defenses until the end of your next turn.
When you grant a power bonus to a defense to an ally, that bonus is increased by 1.",Healing grants +1 to defenses. Power bonuses to a defense increased by 1 on allies.
Fast Healing,Role: Leader Maneuver,4,"Role, Leader",Leader role,"When you use a Healing power, characters spending a Surge due to that power gain +3 Movement Speed until the end of your next turn.
When you grant an action to an ally, any movement or shift in that action is increased by 1.
When you grant forced movement to an ally, the forced movement is increased by 1.","Healing grants +3 Movement Speed. On actions granted to allies, +1 Movement Speed and +1 Shift. Forced movement to allies increased by 1."
Rallying Cry,Role: Leader Maneuver,4,"Role, Leader",Leader role,"When rolling for Initiative, allies that can see you gain +1 to all defenses until the end of the first combat round, and +1 to Initiative.","Allies gain +1 Initiative, +1 to defenses on first combat round."
Adrenaline Rush,Role: Leader Offense,11,"Role, Leader, Paragon",Leader role,"When you use a Healing power, characters spending a Surge due to that power gain +2 to hit and +1 to Action Point rolls until the end of your next turn.","Healing grants +2 hit, +1 to Action Point Rolls."
Point Flank,Role: Leader Offense,11,"Role, Leader, Paragon",Leader role,Allies gain +1 to hit and +1 damage per tier against enemies you flank.,"Flanking grants +1 hit, +1 damage per tier to allies."
Constructive Criticism,Role: Leader Offense,11,"Role, Leader, Paragon",Leader role,"While you grant a power bonus to hit or damage to an ally, that ally gains +1 Crit Range.","With power bonus to hit or damage, allies gain +1 Crit Range."
Universal Defense,Paragon Defense,11,NA,NA,"+1 Fortitude, +1 Reflex, +1 Will."," +1 Fortitude, +1 Reflex, +1 Will"
Martial Prowess,Paragon Defense,11,Martial,Martial power source,"+1 Fortitude, +1 Reflex, +3 Opportunity Attack Modifier"," +1 Fortitude, +1 Reflex, +3 Opportunity Attack Modifier"
Divine Resolve,Paragon Defense,11,Divine,Divine power source,"+1 Fortitude, +1 Will.\nIncrease your Surge Value:[P]:+9 Surge Value\n[E]:+18 Surge Value"," +1 Fortitude, +1 Will, bonus to Surge Value"
Arcane Abjuration,Paragon Defense,11,Arcane,Arcane power source,"+1 Will, +1 Reflex, +2 to saves"," +1 Will, +1 Reflex, +2 to saves"
Primal Endurance,Paragon Defense,11,Primal,Primal power source,"+2 Fortitude.\nGain extra HP:\n[P]:+9 HP\n[E]:+18 HP"," +2 Fortitude, extra HP."
Psionic Prescience,Paragon Defense,11,Psi,Psi power source," +2 Will, +3 Initiative"," +2 Will, +3 Initiative"
Shadow Slumber,Paragon Defense,11,Shadow,Shadow power source," +2 Reflex, +6 Death Saves"," +2 Reflex, +6 Death Saves"
Universal Resource,Paragon Resource,11,NA,NA,+2 Surges.,+2 Surges
Martial Grit,Paragon Resource,11,Martial,Martial power source,"When using Second Wind, gain +4 hit on next attack, +2 to Action Point rolls until end of next turn, and you can roll a save to avoid the Vitality loss.","On Second Wind, +4 hit on next attack, +2 to Action Point rolls until end of next turn, and save avoid Vitality loss."
Divine Hope,Paragon Resource,11,Divine,Divine power source,"When using Second Wind, gain +2 to defenses until end of next turn, you can roll a save, and gain Shield Points equal to half your Surge Value.","On Second Wind, gain SP,  +2 to defenses until end of next turn, and roll a save."
Arcane Recovery,Paragon Resource,11,Arcane,Arcane power source,"When using an Encounter or Daily arcane power, roll 1d20. On a 17+, the power is not spent.","When using an Encounter or Daily arcane power, roll 1d20. On a 17+, the power is not spent."
Primal Invocation,Paragon Resource,11,Primal,Primal power source,"You gain an additional primal Daily Attack Power, of the same level as your lowest level Daily Attack Power.","Gain additional Daily attack."
Psionic Versatility,Paragon Resource,11,Psi,Psi power source,"When using a psionic At-Will attack power for the first time in an encounter, gain +1 hit with that power.
You gain an additional Level 1 At-will attack power.","On first use of psionic At-Will attack power+1 hit with that power.
You gain an additional Level 1 At-will attack power."
Shadow Ghost,Paragon Resource,11,Shadow,Shadow power source,"When using Total Defense or Second Wind, gain Insubstantial until the start of next turn.","On Total Defense or Second Wind, gain Insubstantial."
Epic Specialization,Epic Specialization,21,Epic,NA,"Choose a Feat Category of any feat that you have. You gain an additional feat from that category.",Gain additional feat from a category you already have.
Larger than life,Epic Might,21,Epic,NA,"In combat, you occupy space as a Large creature (2x2 squares).
Your reach with all melee and touch attacks is increased by 1.
(Note: Your actual height and size is not changed)","Increase size to Large, +1 reach."
Wrecking Crew,Epic Might,21,Epic,NA,"Once per turn, after you hit or miss with a melee or ranged attack, a ground square in the target's space is Difficult Terrain until end of the encounter.
You have Advantage on attacks against targets on Difficult Terrain.","On melee or ranged attack, turn a square in target's space into Difficult Terrain.
Advantage vs targets on Difficult Terrain."
Irresistible Force,Epic Might,21,Epic,NA,"Your Forced Movement is increased by 1.
After inflicting forced movement to an enemy, if that character has not received Forced Movement Damage but is adjacent to another character, you can choose to deal half Forced Movement Damage to both characters."," +1 Forced Movement. Chance to deal forced movement damage."
Immovable Object,Epic Might,21,Epic,NA,"Enemy Forced Movement on you is reduced by 1.
When an enemy misses you with a melee attack, as a Free Reaction you Slide it 1 square.","-1 enemy Forced Movement. On enemy melee miss, Slide 1."
Epic Explosion,Epic Might,21,Epic,NA,"Once per encounter, you may spend a Minor Action to increase the size of your next Burst or Blast attack by 1.","Increase size of burst once per encounter."
Epic Cleave,Epic Might,21,Epic,NA,"During your turn, your melee and ranged attacks that target at least 1 Minion can target an additional enemy.
You ignore all resistances from Swarm monsters.","Your attacks target minions for free, ignore Swarm resistances."
Epic Chase,Epic Might,21,Epic,NA,"While Charging, until end of turn you gain Fly Speed equal to your Speed +4, are immune to fall damage, and downgrade Slowed and Immobilised.","While charging, Fly, gain Speed, and downgrade conditions"
Multiclass,Class Focus,1,Multiclass,NA,"Choose a class build other than yours, provided you have an ability score of 1 or higher in its primary ability. That class becomes your multiclass. You count as having the class, power source and role of your multiclass, in addition to those of your main class.
- Add all Class Skills from your multiclass to your Class Skill List.
- Gain all Implement Training from the chosen class, and all Weapon Training in basic weapons (but not martial weapons) from that class.
- When choosing powers, you can replace up to 1 Encounter Power, 1 Daily Power and 1 Utility Power from your main class with powers from the chosen class. For any given type of power, you cannot have more powers from the chosen class than from your main class this way.
- Gain one Multiclass Option.","Multiclass to a new class. Gain a Multiclass Option"
Class Specialization,Class Focus,1,NA,NA,"Gain two Class Specialization Options","Gain two Class Specialization Options"
Defender Multiclass,Multiclass Option,1,Defender,Multiclass to a Defender class,"Choose a Defender class other than yours. That class becomes your multiclass.
Gain two Multiclass Lesser Feats.
Gain the following power: Defender Taunt (Encounter) - Minor Action, Close Burst 3, targets one or two enemies within Burst. Effect: Taunt the targets until end of your next turn.","Multiclass to a Defender class. Gain two Multiclass Lesser Feats. 1/encounter, Taunt two enemies within 3 as minor action."
Striker Multiclass,Multiclass Option,1,Striker,Multiclass to a Striker class,"Choose a Striker class other than yours. That class becomes your multiclass.
Gain two Multiclass Lesser Feats.
Gain the following power: Striker Damage (Encounter) - Personal Reaction (Trigger: you hit an enemy with an attack), targets you. Effect: The attack deals an extra d6 damage per tier.","Multiclass to a Striker class. Gain two Multiclass Lesser Feats. 1/encounter, deal +d6 damage per Tier."
Leader Multiclass,Multiclass Option,1,Leader,Multiclass to a Leader class,"Choose a Leader class other than yours. That class becomes your multiclass.
Gain two Multiclass Lesser Feats.
Gain the following power: Leader Healing (Daily) - Minor Action, Close Burst 5, targets you or an ally within Burst. Effect: The target spends a Surge and heals an extra 2d6 per Tier.","Multiclass to a Leader class. Gain two Multiclass Lesser Feats. 1/day, you or ally within 5 spend surge and heal +2d6/tier"
Multiclass At-Will,Multiclass Option,1,NA,NA,"Choose a Level 1 At-Will attack power from your multiclass. You can use that power once per encounter, and you recharge it when you spend an Action Point.",Gain At-Will attack from multiclass.
Multiclass Armor,Multiclass Option,1,NA,NA,"Choose a type of Armor or Shield that your multiclass is trained in. You gain the correponding Armor Training feat, provided you meat its requirements.",Gain Armor Training from multiclass.
Multiclass Weapon,Multiclass Option,1,NA,NA,"Choose a type of Martial Weapon that your multiclass is trained in. You gain training with that weapon.",Gain Weapon Training from multiclass.
Multiclass Ability,Multiclass Option,1,NA,NA,"Choose a primary or secondary ability for your multiclass, if that ability score is lower than 3. When using powers from your multiclass, you treat that ability score as 3.",NA
Class Specialization: Encounter,Class Specialization Option,1,NA,NA,"You gain an additional Encounter Attack Power, of the same level as your lowest level Encounter Attack Power ",Gain extra Encounter power.
Class Specialization: At-Will,Class Specialization Option,1,NA,NA,"You gain an additional Level 1 At-Will Attack Power",Gain extra At-Will power.
Class Specialization: Reliable,Class Specialization Option,1,NA,NA,"Choose up to 2 Encounter and/or Daily Attack Powers. The first time you use them in an encounter, they gain Reliable",2 Powers gain Reliable.
Class Specialization: Accurate,Class Specialization Option,1,NA,NA,"Choose up to 2 At-Will or Encounter Attack Powers. The first time you use them in an encounter, gain +1 Hit.",2 Powers gain +1 Hit.