power_id,Name,isFeature,Level,Type,UsageLimit,UsageNumber,Keywords,Action,Trigger,Range,Target,AttackRoll,EffectPre,Hit,Miss,EffectPost,Misc,SecondaryAttack,Upgrades,Summary
univ_en_powatk,Power Attack,NA,1,Attack,Encounter,NA,Weapon,Free Action (Interrupt),you hit with an at-will Weapon attack,NA,targets an enemy hit by the triggering attack,NA,NA,NA,NA,"Against the target, the triggering attack deals an extra 1W and gains Push 2.",NA,NA,Upgrade 13: Increase extra damage to 2W<br>Upgrade 23: Increase extra damage to 3W,Deal extra damage and push
univ_en_mobatk,Mobile Attack,NA,1,Attack,Encounter,NA,Weapon,Free Action (Interrupt),you hit with an at-will Weapon attack,NA,targets an enemy hit by the triggering attack,NA,NA,NA,NA,"Against the target, the triggering attack deals an extra 1W. You shift 2.",NA,NA,Upgrade 13: Increase extra damage to 2W<br>Upgrade 23: Increase extra damage to 3W,Deal extra damage and shift
univ_en_empspl,Empower Spell,NA,1,Attack,Encounter,NA,Implement,Free Action (Interrupt),you hit with an at-will Implement attack,NA,targets an enemy hit by the triggering attack,NA,NA,NA,NA,"Against the target, the triggering attack deals an extra 1d8 and gains Push 2.",NA,NA,Upgrade 13: Increase extra damage to 2d8<br>Upgrade 23: Increase extra damage to 3d8,Deal extra damage and push
univ_en_sldspl,Sliding Spell,NA,1,Attack,Encounter,NA,"Arcane, Implement",Free Action (Interrupt),you hit with an at-will Arcane attack,NA,targets an enemy hit by the triggering attack,NA,NA,NA,NA,"Against the target, the triggering attack deals an extra 1d6 and gains Slide 2.",NA,NA,Upgrade 13: Increase extra damage to 2d6<br>Upgrade 23: Increase extra damage to 3d6,Deal extra damage and slide
univ_en_healpr,Healing Prayer,NA,1,Attack,Encounter,NA,"Implement, Divine",Free Action (Interrupt),you hit with an at-will Divine attack,NA,targets an enemy hit by the triggering attack,NA,NA,NA,NA,"Against the target, the triggering attack deals an extra 1d6. You or an ally adjacent to you heal 1d6, or gain 1d6 Shield Points.",NA,NA,"Upgrade 13: Increase extra damage, heal and Shield Points to 2d6<br>Upgrade 23: Increase extra damage, heal and Shield Points to 3d6",Deal extra damage and heal
univ_da_offtrn,Offensive Training,NA,1,Attack,Daily,NA,NA,NA,NA,Personal,NA,NA,NA,NA,NA,"Until you recharge or retrain this power, your attacks gain +1 Miss Damage.",NA,NA,Upgrade 15: Your attacks gain +1 damage and +1 Miss Damage.<br>Upgrade 25: Your attacks gain +3 damage and +1 Miss Damage.,Small damage bonus all day
univ_da_deftrn,Defensive Training,NA,1,Attack,Daily,NA,NA,NA,NA,Personal,NA,NA,NA,NA,NA,"Until you recharge or retrain this power, you gain +3 HP.",NA,NA,Upgrade 15: gain +9 HP instead.<br>Upgrade 25: gain +18 HP instead.,Small HP bonus all day
ftr_fe_defaur,Defender Aura,Feature,1,Utility,NA,NA,NA,Minor Action,NA,Personal,NA,NA,NA,NA,NA,"Gain Aura 1: You Taunt enemies in the aura. This effect lasts until you dismiss it as a Minor Action, or you become Unconscious.",NA,NA,NA,NA
ftr_aw_shlbsh,Shield Bash,NA,1,Attack,NA,NA,"Martial, Weapon, Shield",NA,NA,Melee,NA,Str vs Arm,NA,"1W+Str. Push 1 if you wield a Shield",NA,Shift 1,NA,NA,Level 21: Increase Hit damage to 2W+Str.,Push and follow up
ftr_aw_cleave,Cleave,NA,1,Attack,NA,NA,"Martial, Weapon, Martial",NA,NA,Melee,NA,Str vs Arm,NA,1W+Str. Choose another enemy adjacent to you or the target. Con damage to that enemy. Enemies damaged by this attack are Taunted until your next turn.,NA,NA,NA,NA,Level 21: Increase Hit damage to 2W+Str.,Damage an additional enemy
ftr_en_hamstr,Hamstring,NA,1,Attack,Encounter,NA,"Martial, Weapon",NA,NA,Melee,NA,Str vs Arm,NA,"2W + Str, and Slowed (save ends). Until end of your next turn, the target has -Con to save while adjacent to you.",NA,NA,NA,NA,Upgrade 13: Increase Hit damage to 3W+Str<br>Upgrade 23: Increase Hit damage to 4W+Str,Slow and save penalty
ftr_en_stnstr,Stunning Strike,NA,1,Attack,Encounter,NA,"Martial, Weapon",NA,NA,Melee,NA,Str vs For,NA,"Hit: 1W, and Stunned until your next turn.",NA,NA,NA,NA,Upgrade 13: Increase Hit damage to 2W<br>Upgrade 23: Increase Hit damage to 3W,Low damage and stun
ftr_en_stmbla,Storm of blades,NA,1,Attack,Encounter,NA,"Martial, Weapon",NA,NA,Close Burst 1,enemies in burst,Str vs Arm,NA,"Hit: 1W+Str, and Slide 1.",NA,NA,NA,NA,Upgrade 13: Increase Hit damage to 2W<br>Upgrade 23: Increase Hit damage to 3W,Low damage and slide burst
ftr_da_brustr,Brutal Strike,NA,1,Attack,Daily,NA,"Martial, Weapon, Reliable",NA,NA,Melee,NA,Str vs Arm,NA,"3W+Str, and Push Con and Prone.",NA,NA,NA,NA,Upgrade 15: Increase Hit damage to 5W+Str<br>Upgrade 25: Increase Hit damage to 7W+Str<br>,"High damage, push, prone"
ftr_da_cmbstr,Comeback Strike,NA,1,Attack,Daily,NA,"Martial, Weapon",NA,NA,Melee,NA,Str vs Arm,NA,2W+Str.,Half Damage,"Heal a surge and double the amount healed.",NA,NA,Upgrade 15: Increase Hit damage to 3W+Str<br>Upgrade 25: Increase Hit damage to 4W+Str,Heal yourself
ftr_da_bladnc,Blade Dance,NA,1,Attack,Daily,NA,"Martial, Weapon, Stance",Minor Action,NA,Personal,NA,NA,NA,NA,NA,"Stance: At the start of your turn, choose an adjacent enemy. You Slide 1 that enemy and deal 1W damage to them.",NA,NA,Upgrade 15: Effect Deal 1W and Slide 1 to each adjacent enemy.<br>Upgrade 25: Deal 2W and Slide 1 to each adjacent enemy.,"All encounter, damage adjacent enemies"
ftr_ut_shiwll,Shield Wall,NA,2,Utility,Encounter,NA,"Martial, Shield",Minor Action,NA,Personal,NA,NA,NA,NA,NA,"Until your next turn, you gain Cover against enemy attacks and cannot be flanked.",NA,NA,NA,"Gain Cover, can't be flanked"
ftr_ut_grit,Grit,NA,2,Utility,Encounter,NA,Martial,,Minor Action,Personal,NA,NA,NA,NA,NA,"Roll a save to ignore one Combat Condition this turn. On a failed save, lose 1 Surge.",NA,NA,NA,Save against condition
ftr_ut_fndopn,Find Opening,NA,2,Utility,Encounter,NA,Martial,,Minor Action,Melee,NA,NA,NA,NA,NA,"Until end of your next turn, your attacks against the target gain Advantage and Pierce Resist",NA,NA,NA,Gain Advantage
wiz_aw_arcmss,Arcane Missiles,NA,1,Attack,NA,NA,"Arcane, Implement",NA,NA,Ranged 5,targets up to 3 enemies,Int vs Arm,NA,"1d6+Int/2, and Push 1",NA,NA,NA,NA,Level 21: Increase Hit damage to 2d6+Int/2,Low damage and push to 3 targets
wiz_aw_froblt,Frost Bolt,NA,1,Attack,NA,NA,"Arcane, Implement",NA,NA,Ranged 10,NA,Int vs For,NA,"1d8+Int Cold, and Slowed (save ends)",NA,NA,NA,NA,Level 21: Increase Hit damage to 2d8+Int,NA
wiz_aw_lssfrb,Lesser Fireball,NA,1,Attack,NA,NA,"Arcane, Implement",NA,NA,Area 10 Burst 1,NA,Int vs Ref,NA,1d8+Int Fire,NA,NA,NA,NA,Level 21: Increase Hit damage to 2d8+Int,NA
wiz_en_burhnd,Burning Hands,NA,1,Attack,Encounter,NA,"Arcane, Implement",NA,NA,Close Blast 5,NA,Int vs Ref,NA,2d10+Int Fire,Half Damage,NA,NA,NA,Upgrade 13: Increase Hit damage to 3d10+Int<br>Upgrade 23: Increase Hit damage to 4d10+Int,NA
wiz_en_icebea,Ice Beam,NA,1,Attack,Encounter,NA,"Arcane, Implement",NA,NA,Close Line 10,NA,Int vs For,NA,"1d12 Cold, and Immobilized until your next turn.",Slowed until your next turn.,NA,NA,NA,Upgrade 13: Increase Hit damage to 2d12<br>Upgrade 23: Increase Hit damage to 3d12,NA
wiz_en_shksph,Shock Sphere,NA,1,Attack,Encounter,NA,"Arcane, Implement",NA,NA,Area 10 Burst 2,NA,Int vs Ref,NA,"2d6 Lightning, and Dazed until end of your next turn.",Cannot use Reactions until end of your next turn.,NA,NA,NA,Upgrade 13: Increase Hit damage to 4d6<br>Upgrade 23: Increase Hit damage to 6d6,NA
wiz_da_firebl,Fireball,NA,1,Attack,Daily,NA,"Arcane, Implement",NA,NA,Area 20 Burst 3,NA,Int vs Ref,NA,3d8+Int Fire,Half Damage,NA,NA,NA,Upgrade 15: Increase Hit damage to 5d8+Int<br>Upgrade 25: Increase Hit damage to 7d8+Int,NA
wiz_da_icestm,Ice Storm,NA,1,Attack,Daily,NA,"Arcane, Implement",NA,NA,Area 10 Burst 2,NA,Int vs For,NA,"2d6 Cold, and Prone",Half Damage,Create a Zone of Difficult Terrain in burst until end of your next turn.,Sustain Minor: Int Cold to creatures in the zone. You can move the zone 1 square. Sustain the zone until end of your next turn.,NA,Upgrade 15: Increase Hit damage to 4d6<br>Upgrade 25: Increase Hit damage to 6d6,NA
wiz_da_crufst,Crushing Fist,NA,1,Attack,Daily,NA,"Arcane, Implement",NA,NA,Ranged 20,NA,Int vs Ref,NA,"3d6, and Grabbed until end of next turn.",NA,NA,Sustain Minor: Repeat the attack,NA,"Upgrade 15: Increase Hit damage to 6d6,<br>Upgrade 25: Increase Hit damage to 9d6",NA
wiz_ut_arcsld,Arcane Shield,NA,2,Utility,Encounter,NA,Arcane,Minor Action,NA,Personal,NA,NA,NA,NA,NA,Gain Superior Cover until end of next turn. This effect ends after an attack hits or misses you.,NA,NA,NA,NA
wiz_ut_wllice,Wall of Ice,NA,2,Utility,Daily,NA,Arcane,Minor Action,NA,Area 10 Wall 6,NA,NA,NA,NA,NA,"Create a Zone of Difficult Terrain  in the wall until the end of the encounter. At the start of your next turn, each unoccupied square in the wall becomes blocking terrain up to 10 feet tall. Characters can attack a wall square to destroy it - each square has 10 HP and resist (Blasts and Bursts).",NA,NA,NA,NA
wiz_ut_levita,Levitate,NA,2,Utility,Daily,NA,Arcane,Minor Action,NA,Personal,NA,NA,NA,NA,NA,"Until end of the encounter, gain Fly Speed 2 (Altitude 2).",NA,NA,NA,NA
rng_aw_bstmba,Beast Basic Attack,NA,1,Attack,NA,NA,"Primal, Beast",NA,NA,Melee Beast,NA,H vs Arm.,NA,1B,NA,NA,NA,NA,Level 21: Increase Hit damage to 2B.,NA
rng_fe_bststk,Beast Strike,Feature,1,Attack,NA,NA,"Primal, Beast",Free Action,NA,Melee Beast,NA,H vs Arm.,NA,1B,NA,NA,NA,NA,Level 21: Increase Hit damage to 2B.,NA
rng_fe_skeva,Skirmisher's Evasion,Feature,1,Utility,NA,NA,Martial,Free Reaction,An enemy enters an adjacent square.,Melee Weapon,Targets triggering enemy,NA,The target is Partially Weakened until its next turn,NA,NA,NA,NA,NA,NA,NA
rng_fe_offhstk,Off-Hand Strike,Feature,1,Attack,NA,NA,"Martial, Weapon, Off-Hand",Free Action,NA,Melee,NA,Dex -2 vs Arm.,NA,1W+Str,NA,NA,NA,NA,Level 21: Increase Hit damage to 2W+Str.,NA
rng_aw_wlfpck,Wolf Pack Strike,NA,1,Attack,NA,NA,"Martial, Weapon",NA,NA,Melee or Ranged,NA,Dex vs Arm.,"Until your next turn, whenever you or your companion hit an enemy with Advantage, the target is knocked Prone.",1W+Wis,NA,NA,NA,NA,Level 21: Increase Hit damage to 2W+Wis,NA
rng_aw_dststk,Distracting Strike,NA,1,Attack,NA,NA,"Martial, Weapon",NA,NA,Melee or Ranged,NA,Dex vs Wil.,The target can't use Reactions this turn.,"1W+Dex, and the target can't use Reactions until end of your next turn.",NA,NA,NA,NA,Level 21: Increase Hit damage to 2W+Dex,NA
rng_aw_berast,Bear Assault,NA,1,Attack,NA,NA,"Martial, Weapon",NA,NA,Melee or Ranged,NA,Dex vs Arm.,"Until end of turn, whenever you or your companion hit an enemy, the attacker gains Con SP.",1W+Con.,NA,NA,NA,NA,Level 21: Increase Hit damage to 2W+Con,NA
rng_aw_dbltau,Double Taunt,NA,1,Attack,NA,NA,"Martial, Weapon",NA,NA,Melee or Ranged,NA,Dex vs Arm.,"Until end of turn, whenever you or your companion hit an enemy, you may have the attacker Taunt the target until end of your next turn.",1W+Dex.,NA,NA,NA,NA,Level 21: Increase Hit damage to 2W+Dex,NA
rng_aw_cmbadv,Combined Advance,NA,1,Attack,NA,NA,"Martial, Weapon",NA,NA,Melee or Ranged,NA,Dex vs Arm.,You and your companion shift 1.,1W+Dex.,NA,NA,NA,NA,Level 21: Increase Hit damage to 2W+Dex,NA
rng_aw_cmbtac,Combined Tactics,NA,1,Attack,NA,NA,"Martial, Weapon",NA,NA,Melee or Ranged,NA,Dex vs Arm.,"Until end of turn, whenever you or your companion hit an enemy, Slide 1.",1W+Dex.,NA,NA,NA,NA,Level 21: Increase Hit damage to 2W+Wis,NA
rng_en_fngbst,Fang Burst,NA,1,Attack,Encounter,NA,"Primal, Weapon, Beast",NA,NA,Close Burst 1,enemies in Burst,Dex vs Ref,,W+Wis,NA,NA,NA,"Close Burst 1 (Beast, targets enemies in Burst) - H vs Ref<br>Hit: B damage.",Upgrade 13: Increase Hit damage on the primary attack to 2W+Wis<br>Upgrade 23: Increase Hit damage on the Secondary Attack to 2B,NA
rng_en_gfteye,Go for the Eyes!,NA,1,Attack,Encounter,NA,"Martial, Weapon",NA,NA,Melee or Ranged,NA,Dex vs Arm,"Until end of turn, whenever you or your companion hit an enemy, the target is Dazzled until end of next turn or, if already Dazzled, Blinded until end of next turn.",2W+Dex,NA,NA,NA,NA,Upgrade 13: Increase Hit damage to 3W+Wis<br>Upgrade 23:  Increase Hit damage to 4W+Wis,NA
rng_en_escass,Escalating Assault,NA,1,Attack,Encounter,NA,"Martial, Weapon",NA,NA,Melee or Ranged,NA,Dex vs Arm,"Until end of next turn, you and your companion gain a +2 Power bonus to Hit against the target, and whenever you or your companion hit the target, this bonus increases by 1.",2W+Dex,NA,NA,NA,NA,Upgrade 13: Increase Hit damage to 3W+Wis<br>Upgrade 23:  Increase Hit damage to 4W+Wis,NA
rng_da_giagrw,Giant Growth,NA,1,Attack,Daily,NA,"Primal, Beast",NA,NA,Melee (Beast),NA,Dex vs Arm,"Until end of the encounter, your companion gains +1 Reach, its size increases to Large, and it gains a damage bonus equal to +2 per B.",3B damage.,Half Damage,NA,NA,NA,"Upgrade 15: Increase  Hit damage to 5B, and the damage bonus to +3 per B<br>Upgrade 25: Increase  Hit damage to 7B, and the damage bonus to +4 per B",NA
rng_da_procmp,Protect the Companion,NA,1,Attack,Daily,NA,"Primal, Beast",NA,NA,Melee (Beast),NA,Dex vs Arm,"Your Companion heals a Surge for free, and can stand up from Prone and Shift your Con as a Free Reaction. It gains Resist(all) until the end of the encounter.","3B damage, and Dazzled until end of next turn.",Half Damage,NA,NA,NA,Upgrade 15: Increase  Hit damage to 5B<br>Upgrade 25: Increase  Hit damage to 7B,NA
rng_da_blafng,Blade and Fang,NA,1,Attack,Daily,NA,"Primal, Weapon, Beast",NA,NA,Close Line 6,enemies in line,Dex vs Ref,,2W+Dex,NA,"After both attacks, you move to the end of your attack's line, and your companion moves to the end of its attack's line.",NA,"Close Line 6 (Beast, enemies in line) - H vs Ref<br>Hit: 2B damage.","Upgrade 15: Increase Hit damage to 3W+Dex on primary attack, 3B on secondary attack.<br>Upgrade 25: Increase Hit damage to 4W+Dex on primary attack, 4B on secondary attack.",NA
rng_ut_clsfrm,Close Formation,NA,2,Utility,Encounter,NA,Martial,Minor Action,NA,Personal,NA,NA,NA,NA,NA,"Until end of next turn, as long as you and your companion are adjacent to each other, you both gain Cover and Resist (Close, Burst)",NA,NA,NA,NA
rng_ut_cmprec,Companion Recovery,NA,2,Utility,Encounter,NA,Primal,Minor Action,NA,Melee 1,your companion,NA,NA,NA,NA,Your companion heals a Surge for free.,NA,NA,NA,NA
rng_ut_synstp,Synchronized Step,NA,2,Utility,Encounter,NA,Martial,Minor Action,NA,Personal,NA,NA,NA,NA,NA,You and your companion Shift 2.,NA,NA,NA,NA
rog_aw_prcstk,Piercing Strike,NA,1,Attack,NA,NA,"Marital, Weapon, Light  Weapon",NA,NA,Melee or Ranged,NA,"Dex vs Ref, +2 if adjacent to the target.",NA,1W+Dex,NA,NA,NA,NA,Level 21: Increase Hit damage to 2W+Dex,NA
rog_aw_stpstk,Setup Strike,NA,1,Attack,NA,NA,"Martial, Weapon, Light  Weapon",NA,NA,Melee or Ranged,NA,Dex vs Arm,Shift 1,1W+Dex,NA,"Until end of your next turn, your attacks against the target have Advantage.",NA,NA,Level 21: Increase Hit damage to 2W+Dex,NA
rog_en_swcroo,Switcheroo,NA,1,Attack,Encounter,NA,"Martial, Weapon, Rogue  Weapon",NA,NA,Melee or Ranged,NA,Dex +2 vs Wil,"Before or after the attack, choose an adjacent character. You and that creature Slide to switch places.",2W+Dex,NA,NA,NA,NA,Upgrade 13: Increase Hit damage to 3W+Dex<br>Upgrade 23: Increase Hit damage to 4W+Dex,NA
rog_en_expwkn,Expose Weakness,NA,1,Attack,Encounter,NA,"Martial, Weapon, Rogue  Weapon",NA,NA,Melee or Ranged,NA,Dex vs Arm,"Until end of your next turn, your attacks against the target have Advantage or, if you already have Advantage, gain +2 Crit Range.",2W+Dex.,NA,NA,NA,NA,Upgrade 13: Increase Hit damage to 3W+Dex<br>Upgrade 23: Increase Hit damage to 4W+Dex,NA
rog_en_stydwn,Stay Down,NA,1,Attack,Encounter,NA,"Martial, Weapon, Rogue  Weapon",NA,NA,Melee or Ranged,NA,Dex vs Arm,NA,"2W+Dex, and Prone. If you have Advantage, provokes Opportunity Attacks when standing up next turn.",NA,NA,NA,NA,Upgrade 13: Increase Hit damage to 3W+Dex<br>Upgrade 23: Increase Hit damage to 4W+Dex,NA
rog_da_blitrk,Blinding Trick,NA,1,Attack,Daily,NA,"Martial, Weapon, Rogue  Weapon",NA,NA,Melee or Ranged,NA,Dex vs For,NA,Blinded (save ends),Miss: Grants Advantage (save ends),Make a Secondary Attack against the target.,NA,"Dex vs Arm<br>Hit: 3W+Dex, and gain a penalty of double your Cha to saves until your next turn.<br>",Upgrade 15: Increase Secondary Hit damage to 5W+Dex<br>Upgrade 25: Increase Secondary Hit damage to 7W+Dex,NA
rog_da_stnblw,Stunning Blow,NA,1,Attack,Daily,NA,"Martial, Weapon, Rogue  Weapon, Reliable",NA,NA,Melee,targets an enemy granting Advantage to you,Dex vs For,NA,"2W+Dex, and Stunned (save ends)",NA,NA,NA,NA,Upgrade 15: Increase  Hit damage to 3W+Dex<br>Upgrade 25: Increase  Hit damage to 5W+Dex,NA
rog_da_opnwnd,Open Wounds,NA,1,Attack,Daily,NA,"Martial, Weapon, Rogue  Weapon, Reliable",NA,NA,Melee or Ranged,NA,Dex vs Arm,NA,"3W, and Dex Ongoing damage (save ends). When the target moves, the target cannot save against this effect that turn.",NA,NA,NA,NA,Upgrade 15: Increase  Hit damage to 5W<br>Upgrade 25: Increase Hit damage to 7W,NA
rog_ut_tumble,Tumble,NA,2,Utility,Encounter,NA,Martial,Move Action,NA,Personal,NA,NA,NA,NA,NA,Shift your Speed.,"Special: When you spend an Action Point, recharge this.",NA,NA,NA
rog_ut_runtcv,Jump to Cover,NA,2,Utility,Encounter,NA,Martial,Move Action,NA,Personal,NA,NA,NA,NA,NA,"Move your Speed and fall Prone. If you are in Cover (other than Body Cover) or Concealment from all enemies, you become Shrouded, then make a Hard Stealth check (safe) to become Hidden.",NA,NA,NA,NA
rog_ut_indoit,I didn't do it!,NA,2,Utility,Encounter,NA,Martial,Minor Action,NA,Ranged 6 (safe),targets an enemy you have hit this turn.,NA,NA,NA,NA,"Until end of your next turn, the target is Taunted by your ally closest to it, and grants Advantage to you.",NA,NA,NA,NA
pri_fe_heawrd,Healing Word,Feature,NA,Utility,Encounter,x2,"Divine, Healing",Minor Action,NA,Ranged 5 (safe),targets an ally,NA,NA,NA,NA,"The target heals a Surge + 1d6.",NA,NA,Level 11: Surge +2d6<br>Level 21: Surge +3d6,Heal surge+1d6
pri_aw_healgt,Healing Light,NA,1,Attack,NA,NA,"Divine, Implement",NA,NA,Ranged 6,NA,Wis vs Ref,NA,"1d8 Radiant, and you or an ally within 2 of you heal Wis",NA,NA,NA,NA,Level 21: Increase Hit damage to 2d8,NA
pri_aw_gudlgt,Guiding Light,NA,1,Attack,NA,NA,"Divine, Implement",NA,NA,Ranged 6,NA,Wis vs Ref,NA,"1d8+Wis Radiant, and until your next turn, attacks against the target gain Advantage and halve hit penalties from Cover and Concealment.",NA,NA,NA,NA,Level 21: Increase Hit damage to 2d8+Wis,NA
pri_aw_lckstk,Lucky Strike,NA,1,Attack,NA,NA,"Implement, Lightning",NA,NA,Melee 1 or Ranged 6,NA,Wis vs Ref,NA,1d4+Wis Lightning,NA,Attacks against the target have Advantage until end of your next turn.,NA,NA,Level 21: Increase Hit damage to 2d8+Wis,NA
pri_aw_shichc,Shield of Chance,NA,1,Attack,NA,NA,"Divine, Implement",NA,NA,Ranged 6,NA,Wis vs Arm,NA,1d6+Wis,NA,Choose a random ally without Shield Points. That ally gains Cha Shield Points,NA,NA,Level 21: Increase Hit damage to 2d6+Wis,NA
pri_aw_armfor,Armor of Fortune,NA,1,Attack,NA,NA,"Weapon, Divine",NA,NA,Melee,NA,Wis vs Arm,NA,1W+Wis. Choose a random ally. You and that ally gain +2 Arm until end of your next turn.,NA,NA,NA,NA,Level 21: Increase Hit damage to 2d8+Wis,NA
pri_en_dzlbst,Dazzling Burst,NA,1,Attack,Encounter,NA,"Divine, Implement",NA,NA,Area 6 Burst 2,targets enemies,Wis vs Wil,NA,"1d10 Radiant, and Dazzled until your next turn.",NA,NA,NA,NA,Upgrade 13: Increase  Hit damage to 2d8<br>Upgrade 23: Increase Hit damage to 2d8,NA
pri_en_rstbea,Restoring Beam,NA,1,Attack,Encounter,NA,"Divine, Implement",NA,NA,Close Line 8,targets enemies,Wis vs Ref,NA,1d8+Wis Radiant.,NA,"If you hit one or more targets, allies in the line heal Wis and can make a save.",NA,NA,Upgrade 13: Increase  Hit damage to 2d8<br>Upgrade 23: Increase Hit damage to 3d8,NA
pri_en_blilgt,Blinding Light,NA,1,Attack,Encounter,NA,"Divine, Implement",NA,NA,Ranged 6,NA,Wis vs Ref,NA,"2d8+Cha Radiant, and Blind (save ends).",NA,NA,NA,NA,Upgrade 13: Increase  Hit damage to 3d8+Wis<br>Upgrade 23: Increase Hit damage to 4d8+Wis,NA
pri_da_pacify,Pacify,NA,1,Attack,Daily,NA,"Implement, Reliable",NA,NA,Ranged 6,NA,Wis + Cha vs Wil,NA,"The target is Weak (save ends). When the target attacks, the target cannot save against this effect that turn. ",NA,NA,Special: This attack misses automatically if the target is over 90 HP.,NA,Upgrade 15: Miss automatically if target is over 180 HP<br>Upgrade 25: Miss automatically if target is over 270 HP,NA
pri_da_cnsgrn,Consecrated Ground,NA,1,Attack,Daily,NA,"Implement, Zone",NA,NA,Close Burst 2,NA,NA,NA,NA,NA,"Until end of next turn, create Zone in burst. While in the zone, you and your allies gain Regeneration equal to your Charisma.",Sustain Minor: The zone persists until end of your next turn. Make a Secondary Attack targeting enemies in the zone.,"Wis vs For, Hit: 1d8 Radiant.",Upgrade 15: Increase Secondary Hit damage to 2d8<br>Upgrade 25: Increase Secondary Hit damage to 3d8,NA
pri_da_herois,Heroism,NA,1,Attack,Daily,NA,"Divine, Implement",NA,NA,Melee,targets an ally,NA,NA,NA,NA,"2d12+Wis Shield Points.<br>Until end of the encounter, +Cha to Hit and +Cha to Action Point Rolls",NA,NA,Upgrade 15: 4d12+Wis Shield Points<br>Upgrade 25: 6d12+Wis Shield Points,NA
pri_ut_sanctr,Sanctuary,NA,2,Utility,Encounter,NA,Divine,Minor Action (use only if you haven't attacked this turn),NA,Close Burst 1,,NA,NA,NA,NA,Create a zone in burst until end of next turn. You and your allies gain Resist (All) while in zone. Effect ends if you or an ally attack while in the zone.,NA,NA,NA,NA
pri_ut_savgra,Saving Grace,NA,2,Utility,Encounter,NA,Divine,Minor Action,NA,Ranged 6 (safe),targets you or an ally,NA,NA,NA,NA,"Choose one - the target rolls a save, or the target chooses a Condition and rolls a save to downgrade that condition until end of your next turn.",NA,NA,NA,NA
pri_ut_bless,Bless,NA,2,Utility,Daily,NA,NA,Minor Action,NA,Close Burst 5,targets you and allies,NA,NA,NA,NA,"Until end of the encounter, +1 to Hit and +1 to Save.",NA,NA,NA,NA
bar_aw_invstk,Invigorating Strike,NA,1,Attack,NA,NA,"Primal, Weapon",NA,NA,Melee,NA,Str vs Arm,NA,"W+Str, and you gain Con SP. If you are raging, heal HP equal to half the SP gained.",NA,NA,NA,NA,Level 21: Increase Hit damage to 2W+Str.,NA
bar_aw_mgtshv,Mighty Shove,NA,1,Attack,NA,NA,"Primal, Weapon",NA,NA,Melee,NA,Str vs Arm,"Before the attack, Shift 1.","W+Str. Push 1 or, if you are raging, Push 2.",NA,NA,NA,NA,Level 21: Increase Hit damage to 2W+Str.,NA
bar_aw_wldchr,Wild Charge,NA,1,Attack,NA,NA,"Primal, Weapon",NA,NA,Melee,NA,Str vs Arm,"When you use this power as part of a charge,gain +2 Movement until end of turn.<br>If you are raging, you also gain Cover and Resist(Reactions) until end of turn.","W+Str.",Con damage.,NA,NA,NA,Level 21: Increase Hit damage to 2W+Str.,NA
bar_en_allin,All-In,NA,1,Attack,Encounter,NA,"Primal, Weapon",NA,NA,Melee,NA,Str vs Arm,NA,3W+Str.,You are knocked prone.,You gain Partial Vulnerability (All) until next turn.,NA,NA,Upgrade 13: Increase  Hit damage to 5W+Str<br>Upgrade 23: Increase Hit damage to 6W+Str,NA
bar_en_nopain,No Pain,NA,1,Attack,Encounter,NA,"Primal, Weapon",NA,NA,Melee,NA,Str vs Arm,NA,2W+Str. You may lose 1 Vitality and gain Shield Points equal to your Surge Value.,NA,NA,NA,NA,Upgrade 13: Increase  Hit damage to 3W+Str<br>Upgrade 23: Increase Hit damage to 4W+Str,NA
bar_en_bldwhr,Blade Whirlwind,NA,1,Attack,Encounter,NA,"Primal, Weapon",NA,NA,Close Burst 1,NA,Str vs Ref,NA,"W+Con",NA,Dazed until end of turn.,"Special: You can use this power as part of a charge.",NA,Upgrade 13: Increase  Hit damage to 2W+Con<br>Upgrade 23: Increase Hit damage to 3W+Con,NA
bar_da_cwdrag,Crowd Rage,NA,1,Attack,Daily,NA,"Primal, Rage, Weapon",Free Action,NA,Personal,NA,NA,NA,NA,NA,"Until end of the encounter, you cannot be flanked and, when you hit an enemy, you can deal Con damage to up to 2 other enemies adjacent to you.",NA,"Gain the following Rage Strike:<br>Close Burst 1, Str vs Ref<br>Hit:2W+Str.",Upgrade 15: 3W+Str.<br>Upgrade 25: 4W+Str,NA
bar_da_bldrag,Blood Rage,NA,1,Attack,Daily,NA,"Primal, Rage, Weapon",Free Action,NA,Personal,NA,NA,NA,NA,NA,"Until end of the encounter, you gain Partial Resist (All) while Bloodied, and Bloodied enemies gain Partial Vulnerability (Your attacks).",NA,"Gain the following Rage Strike:<br>Melee Weapon, Str vs Arm<br>Hit:3W+Str. Miss: Half Damage",Upgrade 15: 5W+Str.<br>Upgrade 25: 7W+Str,NA
bar_da_stbrag,Stubborn Rage,NA,1,Attack,Daily,NA,"Primal, Rage, Weapon",Free Action,NA,Personal,NA,NA,NA,NA,NA,"Roll a save to downgrade a Status Effect this turn. Until end of the encounter, at the start of each turn you can roll a save to downgrade a Status Effect that turn.",NA,"Gain the following Rage Strike:<br><br>Melee Weapon, Str vs Arm<br>Hit: 3W+Str<br>Miss: Half Damage.",Upgrade 15: 5W+Str.<br>Upgrade 25: 7W+Str,NA
bar_ut_btlvig,Battle Vigor,NA,2,Utility,Encounter,NA,Primal,Minor Action,NA,Personal,NA,NA,NA,NA,NA,"Gain Con Shield Points or, if you are Bloodied, gain 2xCon Shield Points.",NA,NA,NA,NA
bar_ut_brkfre,Break Free,NA,2,Utility,Encounter,NA,Primal,Minor Action,NA,Personal,NA,NA,NA,NA,NA,"Roll a save to end any of the following Status Effects on you: Slowed, Immobilized, Restrained, Grabbed, Prone, Taunted.",NA,NA,NA,NA
bar_ut_chlacc,Challenge Accepted,NA,2,Utility,Encounter,NA,Primal,Minor Action,NA,Melee,targets an enemy Taunting you or that has Bloodied you this encounter,NA,NA,NA,NA,"Until end of next turn, you gain Advantage and +Con Crit Range against the target.",NA,NA,NA,NA
bar_fe_defaur,Defender Aura,Feature,1,Utility,NA,NA,NA,Minor Action,NA,Personal,NA,NA,NA,NA,NA,"Gain Aura 1: You Taunt enemies in the aura. This effect lasts until you dismiss it as a Minor Action, you become Unconscious, or you enter Berserker Fury",Special: You may not use this power while in Berserker Fury.,NA,NA,NA
bar_aw_clmdwn,Calm Down,NA,1,Attack,NA,NA,"Martial, Weapon, Fury",NA,NA,Melee,NA,Str vs Arm,"<br/>- Peace: The next enemy you hit this turn is Partially Weakened until your next turn.<br/>- Fury: Until your next turn, you grant Advantage and gain +2 Crit Range.
","W+Str.",NA,NA,NA,NA,Level 21: Increase Hit damage to 2W+Str.,NA
bar_aw_stpasd,Step Aside,NA,1,Attack,NA,NA,"Martial, Weapon, Fury",NA,NA,Melee,NA,Str vs Arm,NA,"W+Str.<br/>- Peace: Shift 1, then Pull that many squares.<br/>- Fury: W+Str. Push 2.",NA,NA,NA,NA,Level 21: Increase Hit damage to 2W+Str.,NA
bar_aw_bldbrt,Blade Burst,NA,1,Attack,NA,NA,"Martial, Weapon, Fury",NA,NA,Close Burst 1,NA,Str +2 vs Ref,NA,"W.",NA,NA,NA,NA,Level 21: Increase Hit damage to 2W,NA
bar_en_whrrsh,Whirlwind Rush,NA,1,Attack,Encounter,NA,"Martial, Weapon",NA,NA,Close Burst 1,NA,Str vs Ref,"Before the attack, Shift Con squares.","W+Con, and Slide 1",NA,NA,NA,NA,Upgrade 13: Increase  Hit damage to 2W+Con<br>Upgrade 23: Increase Hit damage to 3W+Con,NA
bar_en_pindwn,Pin Down,NA,1,Attack,Encounter,NA,"Martial, Weapon",NA,NA,Melee,NA,Str vs For,NA,"2W+Str, and Slowed (save ends). As long as the target is slowed this way, they are also Immobilized while adjacent to you.",NA,NA,NA,NA,Upgrade 13: Increase  Hit damage to 3W+Str<br>Upgrade 23: Increase Hit damage to 4W+Str,NA
bar_en_depbrt,Deep Breath,NA,1,Attack,Encounter,NA,"Martial, Weapon, Healing",NA,NA,Melee,NA,Str vs Arm,NA,"2W+Str, and you may Heal a Surge.",NA,You may end your Berserker Fury,NA,NA,Upgrade 13: Increase  Hit damage to 3W+Str<br>Upgrade 23: Increase Hit damage to 4W+Str,NA
bar_da_crpblw,Crippling Blow,NA,1,Attack,"Daily, Reliable",NA,"Martial, Weapon",NA,NA,Melee,NA,Str vs For,NA,"2W+Str, Weakened (save ends), Aftereffect: Partially weakened (save ends).",NA,NA,NA,NA,Upgrade 15: 3W+Str.<br>Upgrade 25: 4W+Str,NA
bar_da_mgtblw,Mighty Blow,NA,1,Attack,"Daily",NA,"Martial, Weapon",NA,NA,Melee,NA,Str vs Arm,NA,"3W+Str, and Push Con and Prone","Half damage, and Push 1 and Prone.",NA,NA,NA,Upgrade 15: 5W+Str.<br>Upgrade 25: 7W+Str,NA
bar_da_svgmlee,Savage Melee,NA,1,Attack,"Daily",NA,"Martial, Weapon",NA,NA,Close Burst 1,NA,Str vs Arm,NA,"2W+Str, and Taunted and Slowed (save ends)","Half damage, and Taunted and Slowed until end of next turn",Gain Cover until your next turn.,NA,NA,Upgrade 15: 3W+Str.<br>Upgrade 25: 4W+Str,NA
bar_ut_outowy,Out of the Way!,NA,2,Utility,Encounter,NA,Martial,Minor Action,NA,Melee 1,Ally or enemy,NA,NA,NA,NA,"Push 1, then Shift 1",NA,NA,NA,NA
bar_ut_crwctl,Crowd Control,NA,2,Utility,Encounter,NA,Martial,Minor Action,NA,Close Burst 1,Enemies in Burst,NA,"<br/>- Peace: Slowed until end of next turn.<br/>- Fury: Grant Advantage until your next turn.",NA,NA,"Until end of next turn, while you have an enemy adjacent to you, gain Superior Cover against Close and Area attacks.",NA,NA,NA,NA
bar_ut_cntfry,Contained Fury,NA,2,Utility,Encounter,NA,Martial,Free Reaction,You enter Berserker Fury,Personal,NA,NA,NA,NA,NA,"Do not enter Berserker Fury. Choose a random enemy closest to you. Until end of your next turn, you are Taunted by that enemy, and gain +Con damage on melee attacks.",NA,NA,NA,NA
wld_fe_heal,Invigorating Word,Feature,1,Utility,Encounter,x2,"Martial, Healing",Minor Action,NA,Ranged 5 (safe),targets an ally that can hear you,NA,NA,NA,NA,"The target heals a Surge+1d6",NA,NA,Upgrade 15: Surge+2d6<br>Level 21: Surge+3d6,NA
wld_aw_hirthr,Hit right here!,NA,1,Attack,NA,NA,"Martial, Weapon",NA,NA,Melee,NA,Str vs Ref,NA,-Int to defenses this turn.,NA,An ally adjacent to you or the target makes a basic attack against the target as a Free Reaction.,NA,NA,NA,NA
wld_aw_abttlf,A bit to the left!,NA,1,Attack,NA,NA,"Martial, Weapon",NA,NA,Melee,NA,Str vs Arm,"Before or after the attack, an ally within 2 squares of the target shifts 1.",1W+Str,NA,NA,NA,NA,NA,NA
wld_aw_inscrd,Inspiring coordination,NA,1,Attack,NA,NA,"Martial, Weapon",NA,NA,Melee,NA,Str vs Arm,NA,"1W+Str, and an ally you can see gains +Cha damage against the target until end of your next turn.",NA,NA,NA,NA,NA,NA
wld_aw_bdycvr,Body Cover,NA,1,Attack,NA,NA,"Martial, Weapon",NA,NA,Melee,NA,Str vs Arm,NA,"1W+Cha, and Slide 1. Until your next turn, your allies have Cover while adjacent to the target's space. (This effect persists if the target is knocked out).",NA,NA,NA,NA,NA,NA
wld_en_12pnch,One-two punch,NA,1,Attack,Encounter,NA,"Martial, Weapon",NA,NA,Melee,NA,Str vs Arm,NA,"1W, and Partially Vulnerable (your allies) this turn.",NA,An ally adjacent to the target makes a basic attack against it as a Free Reaction.,NA,NA,Upgrade 13: Increase Hit damage to 2W 23: Increase Hit damage to 3W,NA
wld_en_sndarm,Sunder Armor,NA,1,Attack,Encounter,NA,"Martial, Weapon",NA,NA,Melee,NA,Str vs Arm,NA,"2W+Str, and -Int Arm until end of your next turn",NA,NA,NA,NA,Upgrade 13: Increase Hit damage to 3W+Str<br>Upgrade 23: Increase Hit damage to 4W+Str,NA
wld_en_kngcst,King's Castle,NA,1,Attack,Encounter,NA,"Martial, Weapon",NA,NA,Melee,NA,Str vs Arm,NA,"2W+Str, and Slowed (save ends).",NA,"You may choose one:<br/> - You shift to exchange positions with an adjacent ally.<br/> - The target slides to exchange positions with an ally adjacent to it.",NA,NA,Upgrade 13: Increase Hit damage to 3W+Str<br>Upgrade 23: Increase Hit damage to 4W+Str,NA
wld_en_allyrs,All yours!,NA,1,Attack,Encounter,NA,"Martial, Weapon",NA,NA,Melee,NA,Str vs Arm,NA,"2W+Str, Slide 1. Choose an ally adjacent to the target. The target is Taunted by that ally (save ends) and, while the effect lasts, the target provokes an attack of opportunity from that ally if it shifts or ignores a Taunt.",NA,NA,NA,NA,Upgrade 13: Increase Hit damage to 3W+Str<br>Upgrade 23: Increase Hit damage to 4W+Str,NA
wld_en_pileon,Pile On!,NA,1,Attack,Daily (Reliable),NA,"Martial, Weapon",NA,NA,Melee,targets a bloodied enemy,Str vs Arm,NA,"1W+Str, and up to two allies adjacent to the target make a melee basic attack against it.",NA,NA,NA,NA,Upgrade 15: Increase Hit damage to 2W+Str<br>Upgrade 25: Increase Hit damage to 3W+Str,NA
wld_da_fllwme,Follow Me!,NA,1,Attack,Daily,NA,"Martial, Weapon",NA,NA,Melee,targets an enemy you can charge.,NA,"Charge the target. Up to two allies that can see and hear you become Weakened this turn and charge the target as a Free Reaction, ignoring opportunity attacks for the charge",NA,NA,NA,NA,NA,Upgrade 15: Your charging allies deal half damage on a miss.<br>Upgrade 25: Your charging allies become Partially Weakened instead.,NA
wld_da_tmfrac,Time for Action!,NA,1,Attack,Daily (Reliable),NA,"Martial, Weapon",NA,NA,Melee,NA,Str vs Arm,NA,"3W+Str. Until your next turn, your allies can reroll failed Action Point Rolls. The first time an ally makes an attack with an Action Point before your next turn, that ally gains +Int Crit Range and +Int Damage for the attack.",NA,NA,NA,NA,Upgrade 15: Increase Hit damage to 5W+Str<br>Upgrade 25: Increase Hit damage to 7W+Str,NA
wld_ut_moveit,Move It!,NA,2,Utility,Encounter,NA,Martial,Move Action,NA,Ranged 5 (safe),targets an ally that can hear you,NA,NA,NA,NA,"As a Free Reaction, the target stands up if prone, and moves their speed.",NA,NA,NA,NA
wld_ut_incomn,Incoming!,NA,2,Utility,Encounter,NA,Martial,Reaction (Interrupt),You or an ally are targeted by a close or area attack.,No Range,targets all characters targeted by the triggering attack,NA,NA,NA,NA,"Knocked Prone, and gain Resist against the triggering attack.",NA,NA,NA,NA
wld_ut_frgtit,Forget it!,NA,2,Utility,Encounter,NA,Martial,Minor Action,NA,Ranged 5 (safe),targets an ally that can hear you and is adjacent to an enemy,NA,NA,NA,NA,"The target is no longer Taunted, and Shifts 1 away from an adjacent enemy as a Free Reaction.",NA,NA,NA,NA
wlk_aw_vlodrk,Veil of Darkness,NA,1,Attack,NA,NA,"Shadow, Implement",NA,NA,Ranged 10,NA,Cha vs For,NA,"1d10+Cha Necro, and Dazzled until end of your next turn.  ",Treat this attack as a hit for the purposes of applying your Shadow Curse,NA,NA,NA,NA,NA
wlk_aw_unshrr,Unseen Horror,NA,1,Attack,NA,NA,"Shadow, Implement",NA,NA,Ranged 10,NA,Cha vs Wil,NA,"1d10 Psychic. Push Dex,  and Slowed until end of your next turn.",Push 1,NA,NA,NA,NA,NA
wlk_en_drkblt,Dark Bolt,NA,1,Attack,Encounter,NA,"Shadow, Implement",NA,NA,Ranged 15,NA,Cha vs For,NA,"2d8+Int Necro, and Blind (save ends)",Dazzled (save ends),NA,NA,NA,NA,NA
wlk_en_hwlagn,Howling Agony,NA,1,Attack,Encounter,NA,"Shadow, Implement",NA,NA,Ranged 10,NA,Cha vs Wil,NA,"2d10+Cha Psychic, and Dazed (save ends). Push Dex all enemies that can see and hear the target.",Half Damage. Push 1 all enemies that can see and hear the target.,NA,NA,NA,NA,NA
wlk_en_soldrn,Soul Drain,NA,1,Attack,Encounter,NA,"Shadow, Implement",NA,NA,Ranged 7,NA,Cha vs For,NA,"2d10+Cha Necro, and knocked prone.",Half Damage,"You heal damage equal to half the damage dealt. If you kill the target with the attack, gain Shield Point equal to half the damage dealt.",NA,NA,NA,NA
wlk_da_solfed,Soul Feed,NA,1,Attack,Daily,NA,"Shadow, Implement",NA,NA,Ranged 7,NA,Cha vs For,NA,"3d10+Cha Necro, and Weakened (save ends)",Half Damage,"Regain 1 Surge. If you kill the target with this attack, regain 2 Surges instead.",NA,NA,NA,NA
wlk_da_blkhle,Black Hole,NA,1,Attack,Daily,NA,"Shadow, Implement",NA,NA,Ranged 10,NA,Cha vs Ref,NA,3d6+Cha Necro,NA,"Until the end of the encounter, create a zone of Very Difficult and Obscuring Terrain in a Burst 2 centered on the target. Creatures ending their turn in the zone take Cha Necro.",NA,NA,NA,NA
wlk_da_shwfnd,Shadowfiend,NA,1,Attack,Daily,NA,"Shadow, Summon",Minor Action,NA,NA,NA,NA,NA,NA,NA," - Note: summons benefit from Curse<br>- +2 Def<br>- Shadow Aura - Aura 2: Enemies in aura grant Advantage and canï¿½t gain Advantage.<br>- Standard Command - Ch vs Ref, 2d8+Ch, and Dazed UEONT<br>- Reaction Command (enemy provokes OA from hound) - Make Standard Command attack against target.<br>- Move Command - Teleport 2",NA,NA,NA,NA
wlk_ut_drkptl,Dark Portal,NA,2,Utility,Encounter,NA,Shadow,Move Action,NA,Personal,NA,NA,NA,NA,NA,Teleport 2+Dex. Gain Concealment until next turn.,NA,NA,NA,NA
wlk_ut_crsyou,A Curse Upon You,NA,2,Utility,Encounter,NA,Shadow,Minor Action,NA,Ranged 5,NA,NA,NA,NA,NA,NA,NA,NA,NA,NA
wlk_ut_trcsdw,Treacherous Shadows,NA,2,Utility,Encounter,NA,Shadow,Minor Action,NA,Ranged 10,targets  any number of cursed enemies,NA,NA,NA,NA,"Create a zone of Shadows in a square adjacent to the target until next turn. When the target takes a provoking action while adjacent to the zone, the target takes 2xDex Necro damage",NA,NA,NA,NA
ori_elf_accur,Elven Accuracy,,1,Utility,Encounter,,,Free Action (Interrupt),You miss an enemy with an attack,,,,,,,You reroll the attack against the triggering enemy.,,,,
ori_elf_flight,Cloud Elf Flight,,1,Utility,Encounter,,,Minor Action,,,,,,,,You Fly 7. This movement does not provoke Opportunity Attacks.,,,,
ori_elf_wlfbit,Wolf Bite,,1,Attack,Encounter,,,Minor Action,,,Melee 1,Primary Ability +2 vs Ref,,1d6 damage and Prone.,,,,,Level 11: 2d6 damage.<br>Level 21: 3d6 damage.,
ori_hlf_dodge,Halfling Dodge,,1,Utility,Encounter,,,Minor Action,,,,,,,,"The next time an enemy attack hits you before the end of the encounter, reroll the attack with -1 Crit Range.",,,,
ori_elf_charm,Elvish Charm,,1,Utility,Encounter,NA,Reliable,Minor Action,,Ranged 5,targets an enemy you haven't attacked this turn.,Primary Ability +2 vs Wil,,,,"You Charm the target until end of your next turn.<br>(A Charmed enemy can't attack you, is not affected by your Taunts, and doesn't provoke Opportunity Attacks from you. Effect ends when you attack the target).",,,,
ori_orc_smash,Orc Smash,,1,Attack,Encounter,,,Minor Action,,,,,,,,"The next time you hit an enemy before the end of the encounter, deal +1d8 and Push 3.",,,Level 11: 2d8 damage.<br>Level 21: 3d8 damage.,
ori_drf_breth,Dragon Breath,,1,Attack,Encounter,,,Minor Action,,Close Blast 3,,Primary Ability vs Ref,,1d10 damage of the chosen type.,,,"Special: When you gain this power, choose Fire, Cold, Lightning, Poison or Physical. This attack deals damage of that type.",,Level 11: 2d10 damage.<br>Level 21: 3d10 damage.,
ori_dvl_fshld,Diabolic Shield,,1,Utility,Encounter,,,Minor Action,,,,,,,,"Until end of next turn, gain Cover, and enemies attacking you take Fire damage equal to your primary ability.",,,,
ori_gnm_trk,Gnomish Trick,,1,Utility,Encounter,NA,,Minor Action,,Ranged 5,,,Choose one:<br>The target grants Advantage until your next turn.<br>The target is Dazzled until your next turn.,,,,,,,
ori_gob_sld,Goblin Slide,,1,Utility,Encounter,NA,,Minor Action,,Melee 1,targets an ally,,Slide 1,,,,,,,
ori_dvl_fshld,Diabolic Shield,,1,Utility,Encounter,,,Minor Action,,,,,,,,"Until end of next turn, gain Cover, and enemies attacking you take Fire damage equal to your primary ability.",,,,
ori_min_red,See Red,,1,Utility,Encounter,,,Minor Action,,Personal,,,,,,"Until end of the Encounter, gain -1 to all Defenses, and when attacking Bloodied enemies gain +1 Hit and +1 Crit Range.",,,,
ori_gol_res,Goliath Resistance,,1,Utility,Encounter,,,Minor Action,,,,,,,,"Until end of next turn, gain Resist (All)",,,,
ori_kbl_shf,Shifty Kobold,,1,Utility,Encounter,,,Minor Action,,,,,,,,Shift 1,,,,
#power_id,Name,isFeature,Level,Type,UsageLimit,UsageNumber,Keywords,Action,Trigger,Range,Target,AttackRoll,EffectPre,Hit,Miss,EffectPost,Misc,SecondaryAttack,Upgrades,Summary
# Basic Attacks,,,,,,,,,,,,,,,,,,,,
mnv_mbawp,Melee Basic Attack (Weapon),NA,,Attack,NA,NA,Weapon,NA,NA,Melee,NA,Primary Ability vs Arm,NA,1W+Primary Ability.,NA,NA,NA,NA,Level 21: Increase Hit damage to 2W+Primary Ability.,Attack with a weapon in melee
mnv_rbawp,Ranged Basic Attack (Weapon),NA,,Attack,NA,NA,Weapon,NA,NA,Weapon Range,NA,Primary Ability vs Arm,NA,1W+Primary Ability.,NA,NA,NA,NA,Level 21: Increase Hit damage to 2W+Primary Ability.,Attack with a weapon at range
mnv_rbaim,Ranged Basic Attack (Implement),NA,,Attack,NA,NA,Implement,NA,NA,Implement Range,NA,Primary Ability vs Arm,NA,1d6+Primary Ability.,NA,NA,NA,NA,Level 21: Increase Hit damage to 2d6+Primary Ability.,Attack with an implement at range
mnv_secwn,Second Wind,NA,,Utility,Encounter,,,Standard Action,,,,,,,,Heal a Surge. Gain +4 to all defenses until your next turn.,,,,(Encounter) Heal a Surge. +4 to all defenses until next turn.
mnv_actio,Use Action Point,NA,,Utility,,,,Free Action,,,,,,,,"Make an Action Point Check. If successful, you can spend an Action Point to gain an extra Standard Action.",(You can only spend one Action Point per encounter.),,,Make Action Point Check to spend an Action Point.
# Core Maneuvers,,,,,,,,,,,,,,,,,,,,
mnv_walk,Walk,NA,,Utility,,,,Move Action,,,,,,,Move your Speed.,,,,,Move your Speed.
mnv_opatk,Opportunity Attack,NA,,Attack,,NA,NA,Free Reaction (Interrupt),An adjacent enemy moves or makes a Ranged or Area attack,,,NA,NA,NA,NA,"You make a Melee Basic Attack against the triggering enemy, adding your Opportunity Modifier to the Hit Roll",NA,NA,NA,Reaction attack against adjacent enemy shifting or using ranged attacks.
mnv_defns,Total Defense,NA,,Utility,,,,Standard Action,,,,,,,,Gain +4 to all defenses until your next turn.,,,,+4 to all defenses until end of next turn.
mnv_shift,Shift,NA,,Utility,,,,Move Action,,,,,,,,"Shift 1. If you move away from an adjacent enemy this way, you are Hindered this turn. ",,,,Shift 1.
# Basic Miscellaneous Maneuvers,,,,,,,,,,,,,,,,,,,,
mnv_draw,Draw,NA,,Utility,,,,Move Action,,,,,,,,"Move 1. Sheathe or store any number of items from your hands. Draw, or pick up from the ground, up to one item per hand.",,,,"Move 1. Sheathe items, then draw items."
mnv_qdraw,Quick Draw,NA,,Utility,,,,Minor Action,,,,,,,,Drop any number of items from your hands. Draw up to one item per hand. You are Hindered this turn.<br>,,,,"Drop Items, then draw items. Hindered."
mnv_blank,Point Blank Shot,NA,,Utility,,,,Minor Action,,,,,,,,"Until end of turn, you are Hindered, and making Ranged or Area attacks targeting adjacent enemies does not provoke opportunity attacks",,,,"Hindered, and can use Ranged attack in melee."
mnv_alarm,Raise the Alarm,NA,,Utility,,,,Minor Action,,Close Burst 5,allies in burst,,,,,Each Surprised target can Roll a Save against the Surprised condition.,,,,"Warn Surprised allies."
# Basic Move Maneuvers,,,,,,,,,,,,,,,,,,,,
mnv_charge,Charge,NA,,Attack,,,,Standard Action,,,,,,,,You are Hindered. Move your Speed and make a Melee Basic Attack. You can't move this turn,,,,Hindered and Dazed. Move Speed and make Melee Basic Attack.
mnv_stnup,Stand Up,NA,,Utility,,,,Move Action,,,,,,,,"You stop being Prone, and you are Hindered this turn. Move 1",,,,"Hindered. No longer Prone, Move 1."
mnv_run,Run,NA,,Utility,,,,Standard Action,,,,,,,,Move your Speed +4. You are Dazed until the start of your next turn.,,,,"Move Speed+4, and Dazed until next turn."
# Advanced Miscellaneous Maneuvers,,,,,,,,,,,,,,,,,,,,
mnv_escpe,Escape,NA,,Utility,,,,Move Action,,,,,,,,"Use only while Grabbed. Roll a Save to stop being Grabbed by one enemy. If you are larger than the Grabbing enemy, gain a +3 bonus to the save for each size category difference.",,,,Roll save to stop being Grabbed by an enemy.
mnv_ftaid,First Aid,,,Utility,,,,Standard Action,,Melee,targets a Dying ally,,,,,The target is no longer Dying.,,,,"Melee, targets a Dying ally. No longer Dying."
mnv_adpot,Administer Potion,,,Utility,,,,Standard Action,,Melee,targets an ally,,,,,The target uses a Potion carried or held by you or the target.,,,,"Melee, targets an ally. Use Potion on target."
mnv_rdyml,Ready Melee Attack,,,Utility,,,,Standard Action,,,,"Until your next turn, the first time an enemy you can see moves to a square adjacent to you, they provoke an opportunity attack from you.",You can use this attack only if there are no enemies you can see adjacent to you.,,,,,,,Gain Opportunity Attack to next enemy moving into melee range.
mnv_rdyrn,Ready Ranged Attack,,,Utility,,,,Standard Action,,,,"Until your next turn, you are Hindered, the first time an enemy you can see moves to a square within Long Range of your Ranged Basic Attack, you can make a Ranged Basic Attack as a Reaction (Interrupt) against them",You can use this attack only if there are no enemies you can see within Long Range of your Ranged Basic Attack.,,,,,,,Gain Reaction Ranged Basic Attack to next enemy moving into range. Hindered until next turn.
mnv_pierce,Pierce,NA,,Utility,,,,Minor Action,,,,,,,,"Choose an enemy you can see and name a type of resistance. On your attacks against that enemy this turn, that resistance is downgraded. You are Hindered this turn.",,,,Downgrade a resistance against your attacks. Hindered.
mnv_push,Push,NA,,Attack,,,,Standard Action,,Melee,,H vs For,,Push 1.,,,,,,Push an enemy.
mnv_grab,Grab,NA,,Attack,,,,Standard Action,,Melee,,H vs Ref,,Grabbed.,,,,,,Grab an enemy.
mnv_drag,Drag,NA,,Attack,,,,Move Action,,,,,,"Move, then Pull all enemies grabbing you or grabbed by you that many squares. This movement does not provoke Opportunity Attacks from enemies grabbing you or grabbed by you, and ignores the normal movement restrictions from being Grabbed. The distance moved depends of the size of the largest enemy grabbing you or grabbed by you:
- Enemy 2 or more sizes smaller than you: Move your speed.
- Enemy 1 size smaller than you: Move half your speed
- Enemy your size or 1 size larger than you: Move 1.
- Enemy 2 or more sizes larger than you: Can't move.",,,,,Special: Use only if you are grabbing or grabbed.,"While Grabbing or Grabbed, move and pull enemies."
# Advanced Move Maneuvers,,,,,,,,,,,,,,,,,,,,
mnv_climb,Climb,,,Utility,,,,Move Action,,,,,,,,Climb 1.,,,,Climb 1.
mnv_swim,Swim,,,Utility,,,,Move Action,,,,,,,,Swim 1.,,,,Swim 1.
mnv_crawl,Crawl,,,Utility,,,,Move Action,,,,,,,,Crawl 1.,,,,Crawl 1.
mnv_blnce,Balance,NA,,Utility,,,,Move Action,,,,,,,,Move 1 over narrow or slippery terrain.,,,,Move 1 over narrow/slippery terrain.
mnv_lnjmp,Long Jump,NA,,Utility,,,,Move Action,,,,,,,,"Move half your Speed. If you are 2 or more squares away from your starting position, Long Jump 2.",,,,"Move Speed/2, Long Jump 2"
mnv_hijmp,High Jump,NA,,Utility,,,,Move Action,,,,,,,,"Move half your Speed. If you are 2 or more squares away from your starting position, High Jump 1.",,,,"Move Speed/2, High Jump 1"
mnv_drop,Drop,NA,,Utility,,,,Move Action,,,,,,,,"Move 1. If you fall during this movement, treat the fall if the fall distance was 1 less. You can choose to become Prone",,,,"Move 1, fall as if from 1 less square, you may drop Prone."
# Advanced Stealth Maneuvers,,,,,,,,,,,,,,,,,,,,
mnv_hide,Hide,NA,,Utility,,,,Move Action,,,,,,,,"Move 1. If you are in Cover (other than Body Cover) or Concealment from all enemies, you become Shrouded. If you were already Shrouded, you become Hidden instead.",,,,"Move 1. If in Cover/Concealment, become Shrouded/Hidden"
mnv_vansh,Vanish,NA,,Utility,,,,Standard Action,,,,,,,,"Move 1. If you are in Superior Cover or Superior Concealment from all enemies, you become Hidden. ",,,,"Move 1. If in Superior Cover/Concealment, become Hidden"
mnv_sneak,Sneak,NA,,Utility,,,,Move Action,,,,,,,,"Special: Use only while Shrouded or Hidden. Effect: Move half your Speed. If you are in Cover (other than Body Cover) or Concealment from all enemies, you remain Shrouded or Hidden.",,,,"Move Speed/2, remain Shrouded/Hidden"
mnv_serch,Search,NA,,Utility,,,,Move Action,,,,,,,,Move 1. All Hidden enemies within 2 squares of you become Shrouded instead.,,,,Move 1. Hidden enemies within 2 become Shrouded instead.
pal_en_rghsmt,Righteous Smite,NA,1,Attack,Encounter,NA,"Divine, Weapon",NA,NA,Melee,NA,Cha vs Arm,NA,"2W, and you and allies within 2 squares gain Cha+Wis SP.",NA,NA,NA,NA,Upgrade 13: Increase Hit damage to 2W<br>Upgrade 25: Increase Hit damage to 3W,NA
btm_aw_ltnbrt,Lightning Burst,NA,1,Attack,NA,NA,"Arcane, Implement, Lightning",NA,NA,Close Burst 1,NA,Int vs Ref,NA,"1d8+Int Lightning",NA,NA,NA,NA,Level 21: Increase Hit damage to 2d8+Int,NA